graduation_year,unit_code,leaname,schname,status,subgroup,subgroup_name,schcount,leacount,seacount,sch_percent_enrolled,lea_percent_enrolled,sea_percent_enrolled
2015,010303,Alamance-Burlington Schools,Alamance-Burlington Middle/Early College,ENROLL,ALL,All Students (Total or Subtotal,28.0,812.0,51362.0,65.1162790697674,53.953488372093,51.988460954501704
2015,010324,Alamance-Burlington Schools,Eastern Alamance High,ENROLL,ALL,All Students (Total or Subtotal,144.0,812.0,51362.0,56.4705882352941,53.953488372093,51.988460954501704
2015,010348,Alamance-Burlington Schools,Graham High,ENROLL,ALL,All Students (Total or Subtotal,76.0,812.0,51362.0,40.8602150537634,53.953488372093,51.988460954501704
2015,010360,Alamance-Burlington Schools,Hugh M Cummings High,ENROLL,ALL,All Students (Total or Subtotal,75.0,812.0,51362.0,40.322580645161295,53.953488372093,51.988460954501704
2015,010388,Alamance-Burlington Schools,Southern High,ENROLL,ALL,All Students (Total or Subtotal,172.0,812.0,51362.0,58.9041095890411,53.953488372093,51.988460954501704
2015,010396,Alamance-Burlington Schools,Walter M Williams High,ENROLL,ALL,All Students (Total or Subtotal,153.0,812.0,51362.0,56.25,53.953488372093,51.988460954501704
2015,010400,Alamance-Burlington Schools,Western Alamance High,ENROLL,ALL,All Students (Total or Subtotal,164.0,812.0,51362.0,60.516605166051704,53.953488372093,51.988460954501704
2015,020302,Alexander County Schools,Alexander Central High,ENROLL,ALL,All Students (Total or Subtotal,180.0,180.0,51362.0,47.4934036939314,47.4934036939314,51.988460954501704
2015,030304,Alleghany County Schools,Alleghany High,ENROLL,ALL,All Students (Total or Subtotal,37.0,37.0,51362.0,41.1111111111111,41.1111111111111,51.988460954501704
2015,040304,Anson County Schools,Anson Co. Early College High,ENROLL,ALL,All Students (Total or Subtotal,15.0,98.0,51362.0,53.571428571428605,43.5555555555556,51.988460954501704
2015,040305,Anson County Schools,Anson Academy,ENROLL,ALL,All Students (Total or Subtotal,,98.0,51362.0,11.1111111111111,43.5555555555556,51.988460954501704
2015,040306,Anson County Schools,Anson High School,ENROLL,ALL,All Students (Total or Subtotal,64.0,98.0,51362.0,42.3841059602649,43.5555555555556,51.988460954501704
2015,040700,Anson County Schools,Anson New Tech High,ENROLL,ALL,All Students (Total or Subtotal,17.0,98.0,51362.0,60.71428571428571,43.5555555555556,51.988460954501704
2015,050302,Ashe County Schools,Ashe County High,ENROLL,ALL,All Students (Total or Subtotal,115.0,115.0,51362.0,57.788944723618094,57.788944723618094,51.988460954501704
2015,060302,Avery County Schools,Avery County High,ENROLL,ALL,All Students (Total or Subtotal,57.0,84.0,51362.0,46.72131147540979,50.0,51.988460954501704
2015,060334,Avery County Schools,Blue Ridge Academy,ENROLL,ALL,All Students (Total or Subtotal,5.0,84.0,51362.0,33.3333333333333,50.0,51.988460954501704
2015,060700,Avery County Schools,Avery High STEM Academy,ENROLL,ALL,All Students (Total or Subtotal,22.0,84.0,51362.0,70.9677419354839,50.0,51.988460954501704
2015,070310,Beaufort County Schools,B C Ed Tech Center,ENROLL,ALL,All Students (Total or Subtotal,,266.0,51362.0,6.45161290322581,53.306613226452896,51.988460954501704
2015,070311,Beaufort County Schools,Beaufort Co Early College High,ENROLL,ALL,All Students (Total or Subtotal,22.0,266.0,51362.0,61.1111111111111,53.306613226452896,51.988460954501704
2015,070330,Beaufort County Schools,"Northside High, Pinetown",ENROLL,ALL,All Students (Total or Subtotal,65.0,266.0,51362.0,63.7254901960784,53.306613226452896,51.988460954501704
2015,070339,Beaufort County Schools,Southside High,ENROLL,ALL,All Students (Total or Subtotal,50.0,266.0,51362.0,53.1914893617021,53.306613226452896,51.988460954501704
2015,070342,Beaufort County Schools,Washington High,ENROLL,ALL,All Students (Total or Subtotal,127.0,266.0,51362.0,53.8135593220339,53.306613226452896,51.988460954501704
2015,080311,Bertie County Schools,Bertie Early College High,ENROLL,ALL,All Students (Total or Subtotal,21.0,103.0,51362.0,70.0,52.8205128205128,51.988460954501704
2015,080312,Bertie County Schools,Bertie High,ENROLL,ALL,All Students (Total or Subtotal,41.0,103.0,51362.0,35.6521739130435,52.8205128205128,51.988460954501704
2015,080700,Bertie County Schools,Bertie STEM High,ENROLL,ALL,All Students (Total or Subtotal,41.0,103.0,51362.0,82.0,52.8205128205128,51.988460954501704
2015,090330,Bladen County Schools,East Bladen High,ENROLL,ALL,All Students (Total or Subtotal,67.0,161.0,51362.0,44.966442953020106,52.442996742671006,51.988460954501704
2015,090368,Bladen County Schools,West Bladen High,ENROLL,ALL,All Students (Total or Subtotal,94.0,161.0,51362.0,59.4936708860759,52.442996742671006,51.988460954501704
2015,100307,Brunswick County Schools,Brunswick County Early College,ENROLL,ALL,All Students (Total or Subtotal,44.0,431.0,51362.0,59.459459459459495,52.496954933008496,51.988460954501704
2015,100308,Brunswick County Schools,Brunswick County Academy,ENROLL,ALL,All Students (Total or Subtotal,,431.0,51362.0,21.4285714285714,52.496954933008496,51.988460954501704
2015,100326,Brunswick County Schools,North Brunswick High,ENROLL,ALL,All Students (Total or Subtotal,101.0,431.0,51362.0,47.8672985781991,52.496954933008496,51.988460954501704
2015,100334,Brunswick County Schools,South Brunswick High,ENROLL,ALL,All Students (Total or Subtotal,131.0,431.0,51362.0,56.7099567099567,52.496954933008496,51.988460954501704
2015,100348,Brunswick County Schools,West Brunswick High,ENROLL,ALL,All Students (Total or Subtotal,152.0,431.0,51362.0,52.233676975944995,52.496954933008496,51.988460954501704
2015,110303,Buncombe County Schools,Community High School,ENROLL,ALL,All Students (Total or Subtotal,,886.0,51362.0,7.40740740740741,50.9195402298851,51.988460954501704
2015,110304,Buncombe County Schools,Reynolds High,ENROLL,ALL,All Students (Total or Subtotal,183.0,886.0,51362.0,57.1875,50.9195402298851,51.988460954501704
2015,110322,Buncombe County Schools,Early College,ENROLL,ALL,All Students (Total or Subtotal,29.0,886.0,51362.0,64.4444444444444,50.9195402298851,51.988460954501704
2015,110323,Buncombe County Schools,Middle College,ENROLL,ALL,All Students (Total or Subtotal,20.0,886.0,51362.0,41.6666666666667,50.9195402298851,51.988460954501704
2015,110336,Buncombe County Schools,Owen High,ENROLL,ALL,All Students (Total or Subtotal,80.0,886.0,51362.0,45.197740112994396,50.9195402298851,51.988460954501704
2015,110340,Buncombe County Schools,Erwin High,ENROLL,ALL,All Students (Total or Subtotal,109.0,886.0,51362.0,39.7810218978102,50.9195402298851,51.988460954501704
2015,110352,Buncombe County Schools,Enka High,ENROLL,ALL,All Students (Total or Subtotal,126.0,886.0,51362.0,52.5,50.9195402298851,51.988460954501704
2015,110380,Buncombe County Schools,North Buncombe High,ENROLL,ALL,All Students (Total or Subtotal,128.0,886.0,51362.0,56.6371681415929,50.9195402298851,51.988460954501704
2015,110416,Buncombe County Schools,Roberson High,ENROLL,ALL,All Students (Total or Subtotal,207.0,886.0,51362.0,58.14606741573029,50.9195402298851,51.988460954501704
2015,111302,Asheville City Schools,Asheville High,ENROLL,ALL,All Students (Total or Subtotal,123.0,158.0,51362.0,49.003984063745,52.4916943521595,51.988460954501704
2015,111700,Asheville City Schools,School of Inquiry and Life Sciences,ENROLL,ALL,All Students (Total or Subtotal,35.0,158.0,51362.0,70.0,52.4916943521595,51.988460954501704
2015,120308,Burke County Schools,Hallyburton Academy,ENROLL,ALL,All Students (Total or Subtotal,11.0,490.0,51362.0,13.9240506329114,50.411522633744895,51.988460954501704
2015,120310,Burke County Schools,Burke Middle College,ENROLL,ALL,All Students (Total or Subtotal,44.0,490.0,51362.0,86.27450980392159,50.411522633744895,51.988460954501704
2015,120314,Burke County Schools,East Burke High,ENROLL,ALL,All Students (Total or Subtotal,102.0,490.0,51362.0,47.887323943662004,50.411522633744895,51.988460954501704
2015,120318,Burke County Schools,Freedom High,ENROLL,ALL,All Students (Total or Subtotal,121.0,490.0,51362.0,49.7942386831276,50.411522633744895,51.988460954501704
2015,120346,Burke County Schools,Jimmy C Draughn High School,ENROLL,ALL,All Students (Total or Subtotal,86.0,490.0,51362.0,58.5034013605442,50.411522633744895,51.988460954501704
2015,120370,Burke County Schools,Robert L. Patton High School,ENROLL,ALL,All Students (Total or Subtotal,126.0,490.0,51362.0,54.545454545454504,50.411522633744895,51.988460954501704
2015,130307,Cabarrus County Schools,Cox Mill High School,ENROLL,ALL,All Students (Total or Subtotal,207.0,1178.0,51362.0,68.3168316831683,57.6885406464251,51.988460954501704
2015,130310,Cabarrus County Schools,Central Cabarrus High,ENROLL,ALL,All Students (Total or Subtotal,126.0,1178.0,51362.0,45.8181818181818,57.6885406464251,51.988460954501704
2015,130314,Cabarrus County Schools,Concord High,ENROLL,ALL,All Students (Total or Subtotal,97.0,1178.0,51362.0,38.955823293172706,57.6885406464251,51.988460954501704
2015,130316,Cabarrus County Schools,Jay M Robinson High,ENROLL,ALL,All Students (Total or Subtotal,189.0,1178.0,51362.0,58.15384615384621,57.6885406464251,51.988460954501704
2015,130324,Cabarrus County Schools,Mount Pleasant High,ENROLL,ALL,All Students (Total or Subtotal,105.0,1178.0,51362.0,54.123711340206206,57.6885406464251,51.988460954501704
2015,130326,Cabarrus County Schools,Northwest Cabarrus High,ENROLL,ALL,All Students (Total or Subtotal,165.0,1178.0,51362.0,63.461538461538495,57.6885406464251,51.988460954501704
2015,130332,Cabarrus County Schools,Hickory Ridge High,ENROLL,ALL,All Students (Total or Subtotal,237.0,1178.0,51362.0,70.74626865671641,57.6885406464251,51.988460954501704
2015,130333,Cabarrus County Schools,"Performance Learning Center, Concord",ENROLL,ALL,All Students (Total or Subtotal,19.0,1178.0,51362.0,38.775510204081606,57.6885406464251,51.988460954501704
2015,130350,Cabarrus County Schools,Cabarrus-Kannapolis Early Coll,ENROLL,ALL,All Students (Total or Subtotal,33.0,1178.0,51362.0,63.461538461538495,57.6885406464251,51.988460954501704
2015,132304,Kannapolis City Schools,A L Brown High,ENROLL,ALL,All Students (Total or Subtotal,141.0,141.0,51362.0,40.5172413793103,40.5172413793103,51.988460954501704
2015,140305,Caldwell County Schools,Caldwell Career Cen Mid. Coll.,ENROLL,ALL,All Students (Total or Subtotal,35.0,446.0,51362.0,58.3333333333333,52.4705882352941,51.988460954501704
2015,140309,Caldwell County Schools,Caldwell Early College,ENROLL,ALL,All Students (Total or Subtotal,47.0,446.0,51362.0,71.2121212121212,52.4705882352941,51.988460954501704
2015,140348,Caldwell County Schools,Hibriten High,ENROLL,ALL,All Students (Total or Subtotal,105.0,446.0,51362.0,54.4041450777202,52.4705882352941,51.988460954501704
2015,140386,Caldwell County Schools,South Caldwell High,ENROLL,ALL,All Students (Total or Subtotal,168.0,446.0,51362.0,48.837209302325604,52.4705882352941,51.988460954501704
2015,140390,Caldwell County Schools,West Caldwell High,ENROLL,ALL,All Students (Total or Subtotal,91.0,446.0,51362.0,48.6631016042781,52.4705882352941,51.988460954501704
2015,150304,Camden County Schools,Camden County High,ENROLL,ALL,All Students (Total or Subtotal,44.0,44.0,51362.0,44.4444444444444,44.4444444444444,51.988460954501704
2015,160313,Carteret County Public Schools,East Carteret High,ENROLL,ALL,All Students (Total or Subtotal,81.0,344.0,51362.0,70.43478260869571,61.7594254937163,51.988460954501704
2015,160314,Carteret County Public Schools,Croatan High,ENROLL,ALL,All Students (Total or Subtotal,120.0,344.0,51362.0,63.4920634920635,61.7594254937163,51.988460954501704
2015,160344,Carteret County Public Schools,West Carteret High,ENROLL,ALL,All Students (Total or Subtotal,143.0,344.0,51362.0,56.5217391304348,61.7594254937163,51.988460954501704
2015,170316,Caswell County Schools,Bartlett Yancey High,ENROLL,ALL,All Students (Total or Subtotal,87.0,87.0,51362.0,53.3742331288344,53.3742331288344,51.988460954501704
2015,180308,Catawba County Schools,Bandys High,ENROLL,ALL,All Students (Total or Subtotal,146.0,739.0,51362.0,60.580912863070495,58.557844690966704,51.988460954501704
2015,180320,Catawba County Schools,Bunker Hill High,ENROLL,ALL,All Students (Total or Subtotal,97.0,739.0,51362.0,51.871657754010705,58.557844690966704,51.988460954501704
2015,180323,Catawba County Schools,Catawba Rosenwald Education Center,ENROLL,ALL,All Students (Total or Subtotal,,739.0,51362.0,20.0,58.557844690966704,51.988460954501704
2015,180325,Catawba County Schools,Challenger Early College High,ENROLL,ALL,All Students (Total or Subtotal,68.0,739.0,51362.0,73.11827956989251,58.557844690966704,51.988460954501704
2015,180340,Catawba County Schools,Fred T Foard High,ENROLL,ALL,All Students (Total or Subtotal,169.0,739.0,51362.0,65.5038759689922,58.557844690966704,51.988460954501704
2015,180348,Catawba County Schools,Maiden High,ENROLL,ALL,All Students (Total or Subtotal,101.0,739.0,51362.0,53.439153439153394,58.557844690966704,51.988460954501704
2015,180376,Catawba County Schools,Saint Stephens High,ENROLL,ALL,All Students (Total or Subtotal,157.0,739.0,51362.0,54.3252595155709,58.557844690966704,51.988460954501704
2015,181318,Hickory City Schools,Hickory Career Arts Magnet High School,ENROLL,ALL,All Students (Total or Subtotal,15.0,114.0,51362.0,34.8837209302326,47.1074380165289,51.988460954501704
2015,181322,Hickory City Schools,Hickory High,ENROLL,ALL,All Students (Total or Subtotal,99.0,114.0,51362.0,49.748743718593,47.1074380165289,51.988460954501704
2015,182316,Newton Conover City Schools,Newton-Conover High,ENROLL,ALL,All Students (Total or Subtotal,95.0,109.0,51362.0,51.3513513513513,50.9345794392523,51.988460954501704
2015,182700,Newton Conover City Schools,Discovery High School,ENROLL,ALL,All Students (Total or Subtotal,14.0,109.0,51362.0,60.8695652173913,50.9345794392523,51.988460954501704
2015,190310,Chatham County Schools,SAGE Academy,ENROLL,ALL,All Students (Total or Subtotal,7.0,324.0,51362.0,14.583333333333302,57.6512455516014,51.988460954501704
2015,190316,Chatham County Schools,Chatham Central High,ENROLL,ALL,All Students (Total or Subtotal,65.0,324.0,51362.0,73.03370786516851,57.6512455516014,51.988460954501704
2015,190336,Chatham County Schools,Jordan Matthews High,ENROLL,ALL,All Students (Total or Subtotal,73.0,324.0,51362.0,42.44186046511629,57.6512455516014,51.988460954501704
2015,190342,Chatham County Schools,Northwood High,ENROLL,ALL,All Students (Total or Subtotal,179.0,324.0,51362.0,70.7509881422925,57.6512455516014,51.988460954501704
2015,200308,Cherokee County Schools,Andrews High,ENROLL,ALL,All Students (Total or Subtotal,24.0,131.0,51362.0,48.0,52.6104417670683,51.988460954501704
2015,200314,Cherokee County Schools,Hiwassee Dam High,ENROLL,ALL,All Students (Total or Subtotal,36.0,131.0,51362.0,72.0,52.6104417670683,51.988460954501704
2015,200322,Cherokee County Schools,The Oaks Academy,ENROLL,ALL,All Students (Total or Subtotal,,131.0,51362.0,9.677419354838712,52.6104417670683,51.988460954501704
2015,200328,Cherokee County Schools,Murphy High,ENROLL,ALL,All Students (Total or Subtotal,51.0,131.0,51362.0,54.838709677419395,52.6104417670683,51.988460954501704
2015,200350,Cherokee County Schools,Tri-County Early College High,ENROLL,ALL,All Students (Total or Subtotal,17.0,131.0,51362.0,68.0,52.6104417670683,51.988460954501704
2015,210312,Edenton-Chowan Schools,John A Holmes High,ENROLL,ALL,All Students (Total or Subtotal,77.0,77.0,51362.0,43.258426966292106,43.258426966292106,51.988460954501704
2015,220310,Clay County Schools,Hayesville High,ENROLL,ALL,All Students (Total or Subtotal,32.0,32.0,51362.0,47.05882352941179,47.05882352941179,51.988460954501704
2015,230312,Cleveland County Schools,Burns High,ENROLL,ALL,All Students (Total or Subtotal,112.0,561.0,51362.0,48.4848484848485,50.0446030330062,51.988460954501704
2015,230322,Cleveland County Schools,Cleveland ECHS,ENROLL,ALL,All Students (Total or Subtotal,27.0,561.0,51362.0,43.548387096774206,50.0446030330062,51.988460954501704
2015,230324,Cleveland County Schools,Crest High,ENROLL,ALL,All Students (Total or Subtotal,144.0,561.0,51362.0,51.6129032258064,50.0446030330062,51.988460954501704
2015,230330,Cleveland County Schools,"Turning Point Academy, Shelby",ENROLL,ALL,All Students (Total or Subtotal,5.0,561.0,51362.0,14.285714285714299,50.0446030330062,51.988460954501704
2015,230350,Cleveland County Schools,Kings Mountain High,ENROLL,ALL,All Students (Total or Subtotal,167.0,561.0,51362.0,55.1155115511551,50.0446030330062,51.988460954501704
2015,230361,Cleveland County Schools,Shelby High,ENROLL,ALL,All Students (Total or Subtotal,106.0,561.0,51362.0,54.0816326530612,50.0446030330062,51.988460954501704
2015,240334,Columbus County Schools,East Columbus High,ENROLL,ALL,All Students (Total or Subtotal,58.0,209.0,51362.0,61.0526315789474,55.8823529411765,51.988460954501704
2015,240371,Columbus County Schools,South Columbus High,ENROLL,ALL,All Students (Total or Subtotal,82.0,209.0,51362.0,51.8987341772152,55.8823529411765,51.988460954501704
2015,240373,Columbus County Schools,CCCA - Fair Bluff /Southeastern Campuses,ENROLL,ALL,All Students (Total or Subtotal,22.0,209.0,51362.0,68.75,55.8823529411765,51.988460954501704
2015,240380,Columbus County Schools,West Columbus High,ENROLL,ALL,All Students (Total or Subtotal,47.0,209.0,51362.0,52.8089887640449,55.8823529411765,51.988460954501704
2015,241312,Whiteville City Schools,North Whiteville Academy,ENROLL,ALL,All Students (Total or Subtotal,,115.0,51362.0,21.4285714285714,63.8888888888889,51.988460954501704
2015,241316,Whiteville City Schools,Whiteville High,ENROLL,ALL,All Students (Total or Subtotal,112.0,115.0,51362.0,67.4698795180723,63.8888888888889,51.988460954501704
2015,250314,Craven County Schools,Craven Early College High,ENROLL,ALL,All Students (Total or Subtotal,23.0,459.0,51362.0,58.974358974359,50.439560439560395,51.988460954501704
2015,250321,Craven County Schools,Early College EAST High,ENROLL,ALL,All Students (Total or Subtotal,17.0,459.0,51362.0,40.4761904761905,50.439560439560395,51.988460954501704
2015,250340,Craven County Schools,Havelock High,ENROLL,ALL,All Students (Total or Subtotal,138.0,459.0,51362.0,52.2727272727273,50.439560439560395,51.988460954501704
2015,250356,Craven County Schools,New Bern High,ENROLL,ALL,All Students (Total or Subtotal,181.0,459.0,51362.0,48.5254691689008,50.439560439560395,51.988460954501704
2015,250372,Craven County Schools,West Craven High,ENROLL,ALL,All Students (Total or Subtotal,100.0,459.0,51362.0,52.0833333333333,50.439560439560395,51.988460954501704
2015,260318,Cumberland County Schools,Jack Britt High,ENROLL,ALL,All Students (Total or Subtotal,235.0,1783.0,51362.0,52.5727069351231,49.6380846325167,51.988460954501704
2015,260322,Cumberland County Schools,Douglas Byrd High,ENROLL,ALL,All Students (Total or Subtotal,88.0,1783.0,51362.0,32.9588014981273,49.6380846325167,51.988460954501704
2015,260325,Cumberland County Schools,Cape Fear High,ENROLL,ALL,All Students (Total or Subtotal,184.0,1783.0,51362.0,52.7220630372493,49.6380846325167,51.988460954501704
2015,260347,Cumberland County Schools,Cumberland International Early CollegeHS,ENROLL,ALL,All Students (Total or Subtotal,29.0,1783.0,51362.0,74.35897435897441,49.6380846325167,51.988460954501704
2015,260354,Cumberland County Schools,Cross Creek Early College,ENROLL,ALL,All Students (Total or Subtotal,43.0,1783.0,51362.0,89.5833333333333,49.6380846325167,51.988460954501704
2015,260357,Cumberland County Schools,Grays Creek High,ENROLL,ALL,All Students (Total or Subtotal,153.0,1783.0,51362.0,49.1961414790997,49.6380846325167,51.988460954501704
2015,260359,Cumberland County Schools,E E Smith High,ENROLL,ALL,All Students (Total or Subtotal,98.0,1783.0,51362.0,46.6666666666667,49.6380846325167,51.988460954501704
2015,260374,Cumberland County Schools,Alger B. Wilkins High School,ENROLL,ALL,All Students (Total or Subtotal,14.0,1783.0,51362.0,18.4210526315789,49.6380846325167,51.988460954501704
2015,260388,Cumberland County Schools,Massey Hill Classical High,ENROLL,ALL,All Students (Total or Subtotal,51.0,1783.0,51362.0,67.10526315789471,49.6380846325167,51.988460954501704
2015,260408,Cumberland County Schools,Pine Forest High,ENROLL,ALL,All Students (Total or Subtotal,191.0,1783.0,51362.0,48.3544303797468,49.6380846325167,51.988460954501704
2015,260411,Cumberland County Schools,Reid Ross Classical High,ENROLL,ALL,All Students (Total or Subtotal,54.0,1783.0,51362.0,67.5,49.6380846325167,51.988460954501704
2015,260424,Cumberland County Schools,Seventy-First High,ENROLL,ALL,All Students (Total or Subtotal,165.0,1783.0,51362.0,45.081967213114794,49.6380846325167,51.988460954501704
2015,260427,Cumberland County Schools,South View High,ENROLL,ALL,All Students (Total or Subtotal,176.0,1783.0,51362.0,46.9333333333333,49.6380846325167,51.988460954501704
2015,260446,Cumberland County Schools,Terry Sanford High,ENROLL,ALL,All Students (Total or Subtotal,172.0,1783.0,51362.0,62.545454545454504,49.6380846325167,51.988460954501704
2015,260455,Cumberland County Schools,Westover High,ENROLL,ALL,All Students (Total or Subtotal,113.0,1783.0,51362.0,44.664031620553395,49.6380846325167,51.988460954501704
2015,260700,Cumberland County Schools,Cumberland Polytechnic,ENROLL,ALL,All Students (Total or Subtotal,17.0,1783.0,51362.0,68.0,49.6380846325167,51.988460954501704
2015,270306,Currituck County Schools,Currituck County High,ENROLL,ALL,All Students (Total or Subtotal,87.0,105.0,51362.0,40.0921658986175,40.384615384615394,51.988460954501704
2015,270311,Currituck County Schools,The JP Knapp ECH (i)School,ENROLL,ALL,All Students (Total or Subtotal,18.0,105.0,51362.0,41.8604651162791,40.384615384615394,51.988460954501704
2015,280304,Dare County Schools,Cape Hatteras Secondary School,ENROLL,ALL,All Students (Total or Subtotal,19.0,185.0,51362.0,50.0,53.160919540229905,51.988460954501704
2015,280316,Dare County Schools,Manteo High School,ENROLL,ALL,All Students (Total or Subtotal,54.0,185.0,51362.0,49.5412844036697,53.160919540229905,51.988460954501704
2015,280330,Dare County Schools,First Flight High School,ENROLL,ALL,All Students (Total or Subtotal,112.0,185.0,51362.0,59.2592592592593,53.160919540229905,51.988460954501704
2015,290308,Davidson County Schools,Central Davidson High,ENROLL,ALL,All Students (Total or Subtotal,120.0,779.0,51362.0,56.872037914691894,55.091937765205095,51.988460954501704
2015,290314,Davidson County Schools,Davidson County High School,ENROLL,ALL,All Students (Total or Subtotal,11.0,779.0,51362.0,15.068493150684901,55.091937765205095,51.988460954501704
2015,290315,Davidson County Schools,Davidson Early College,ENROLL,ALL,All Students (Total or Subtotal,20.0,779.0,51362.0,68.9655172413793,55.091937765205095,51.988460954501704
2015,290324,Davidson County Schools,East Davidson High,ENROLL,ALL,All Students (Total or Subtotal,111.0,779.0,51362.0,51.1520737327189,55.091937765205095,51.988460954501704
2015,290336,Davidson County Schools,Ledford Senior High,ENROLL,ALL,All Students (Total or Subtotal,197.0,779.0,51362.0,69.6113074204947,55.091937765205095,51.988460954501704
2015,290348,Davidson County Schools,North Davidson High,ENROLL,ALL,All Students (Total or Subtotal,194.0,779.0,51362.0,57.227138643067796,55.091937765205095,51.988460954501704
2015,290365,Davidson County Schools,South Davidson High,ENROLL,ALL,All Students (Total or Subtotal,36.0,779.0,51362.0,39.1304347826087,55.091937765205095,51.988460954501704
2015,290388,Davidson County Schools,West Davidson High,ENROLL,ALL,All Students (Total or Subtotal,90.0,779.0,51362.0,54.545454545454504,55.091937765205095,51.988460954501704
2015,291336,Lexington City Schools,Lexington Senior High,ENROLL,ALL,All Students (Total or Subtotal,66.0,66.0,51362.0,42.5806451612903,42.5806451612903,51.988460954501704
2015,292324,Thomasville City Schools,Thomasville High,ENROLL,ALL,All Students (Total or Subtotal,70.0,70.0,51362.0,44.871794871794904,44.871794871794904,51.988460954501704
2015,300312,Davie County Schools,Davie County High,ENROLL,ALL,All Students (Total or Subtotal,222.0,242.0,51362.0,59.2,58.595641646489106,51.988460954501704
2015,300314,Davie County Schools,Davie County Early College High,ENROLL,ALL,All Students (Total or Subtotal,20.0,242.0,51362.0,54.0540540540541,58.595641646489106,51.988460954501704
2015,310338,Duplin County Schools,Duplin Early College High,ENROLL,ALL,All Students (Total or Subtotal,20.0,297.0,51362.0,57.1428571428571,53.804347826086996,51.988460954501704
2015,310344,Duplin County Schools,East Duplin High,ENROLL,ALL,All Students (Total or Subtotal,108.0,297.0,51362.0,56.25,53.804347826086996,51.988460954501704
2015,310352,Duplin County Schools,James Kenan High,ENROLL,ALL,All Students (Total or Subtotal,73.0,297.0,51362.0,52.5179856115108,53.804347826086996,51.988460954501704
2015,310364,Duplin County Schools,North Duplin Jr Sr High,ENROLL,ALL,All Students (Total or Subtotal,27.0,297.0,51362.0,39.7058823529412,53.804347826086996,51.988460954501704
2015,310392,Duplin County Schools,Wallace-Rose Hill High,ENROLL,ALL,All Students (Total or Subtotal,69.0,297.0,51362.0,58.4745762711864,53.804347826086996,51.988460954501704
2015,320309,Durham Public Schools,J D Clement Early College HS,ENROLL,ALL,All Students (Total or Subtotal,65.0,988.0,51362.0,78.31325301204821,45.6773000462321,51.988460954501704
2015,320312,Durham Public Schools,C E Jordan High,ENROLL,ALL,All Students (Total or Subtotal,174.0,988.0,51362.0,51.026392961876795,45.6773000462321,51.988460954501704
2015,320317,Durham Public Schools,City of Medicine Academy,ENROLL,ALL,All Students (Total or Subtotal,53.0,988.0,51362.0,61.62790697674421,45.6773000462321,51.988460954501704
2015,320322,Durham Public Schools,Durham's Performance Learning Center,ENROLL,ALL,All Students (Total or Subtotal,14.0,988.0,51362.0,13.8613861386139,45.6773000462321,51.988460954501704
2015,320323,Durham Public Schools,Durham School of the Arts,ENROLL,ALL,All Students (Total or Subtotal,138.0,988.0,51362.0,60.2620087336244,45.6773000462321,51.988460954501704
2015,320325,Durham Public Schools,Hillside High,ENROLL,ALL,All Students (Total or Subtotal,117.0,988.0,51362.0,37.987012987013,45.6773000462321,51.988460954501704
2015,320353,Durham Public Schools,Middle College HS @ DTCC,ENROLL,ALL,All Students (Total or Subtotal,41.0,988.0,51362.0,58.571428571428605,45.6773000462321,51.988460954501704
2015,320356,Durham Public Schools,Northern High,ENROLL,ALL,All Students (Total or Subtotal,94.0,988.0,51362.0,33.8129496402878,45.6773000462321,51.988460954501704
2015,320365,Durham Public Schools,"Riverside High, Durham",ENROLL,ALL,All Students (Total or Subtotal,177.0,988.0,51362.0,47.4530831099196,45.6773000462321,51.988460954501704
2015,320368,Durham Public Schools,Southern School of Energy and Sustainabi,ENROLL,ALL,All Students (Total or Subtotal,80.0,988.0,51362.0,35.242290748898704,45.6773000462321,51.988460954501704
2015,320701,Durham Public Schools,Hillside New Tech High,ENROLL,ALL,All Students (Total or Subtotal,35.0,988.0,51362.0,52.2388059701493,45.6773000462321,51.988460954501704
2015,330326,Edgecombe County Public School,Edgecombe Early College High,ENROLL,ALL,All Students (Total or Subtotal,19.0,238.0,51362.0,57.5757575757576,53.3632286995516,51.988460954501704
2015,330328,Edgecombe County Public School,North Edgecombe High,ENROLL,ALL,All Students (Total or Subtotal,29.0,238.0,51362.0,40.84507042253521,53.3632286995516,51.988460954501704
2015,330350,Edgecombe County Public School,SouthWest Edgecombe High,ENROLL,ALL,All Students (Total or Subtotal,112.0,238.0,51362.0,58.9473684210526,53.3632286995516,51.988460954501704
2015,330358,Edgecombe County Public School,Tarboro High,ENROLL,ALL,All Students (Total or Subtotal,78.0,238.0,51362.0,51.315789473684205,53.3632286995516,51.988460954501704
2015,340311,Forsyth County Schools,Atkins Academic & Tech High,ENROLL,ALL,All Students (Total or Subtotal,55.0,1948.0,51362.0,61.7977528089888,53.70829886958921,51.988460954501704
2015,340330,Forsyth County Schools,Carver High,ENROLL,ALL,All Students (Total or Subtotal,41.0,1948.0,51362.0,37.2727272727273,53.70829886958921,51.988460954501704
2015,340362,Forsyth County Schools,Early College of Forsyth Co,ENROLL,ALL,All Students (Total or Subtotal,36.0,1948.0,51362.0,73.46938775510199,53.70829886958921,51.988460954501704
2015,340364,Forsyth County Schools,East Forsyth High,ENROLL,ALL,All Students (Total or Subtotal,268.0,1948.0,51362.0,59.292035398230105,53.70829886958921,51.988460954501704
2015,340382,Forsyth County Schools,Robert B Glenn High School,ENROLL,ALL,All Students (Total or Subtotal,172.0,1948.0,51362.0,46.3611859838275,53.70829886958921,51.988460954501704
2015,340446,Forsyth County Schools,Middle College of Forsyth Cnty,ENROLL,ALL,All Students (Total or Subtotal,27.0,1948.0,51362.0,69.23076923076921,53.70829886958921,51.988460954501704
2015,340454,Forsyth County Schools,Mount Tabor High School,ENROLL,ALL,All Students (Total or Subtotal,192.0,1948.0,51362.0,52.6027397260274,53.70829886958921,51.988460954501704
2015,340460,Forsyth County Schools,North Forsyth High,ENROLL,ALL,All Students (Total or Subtotal,111.0,1948.0,51362.0,41.2639405204461,53.70829886958921,51.988460954501704
2015,340486,Forsyth County Schools,Parkland High,ENROLL,ALL,All Students (Total or Subtotal,123.0,1948.0,51362.0,39.9350649350649,53.70829886958921,51.988460954501704
2015,340488,Forsyth County Schools,J F Kennedy High,ENROLL,ALL,All Students (Total or Subtotal,17.0,1948.0,51362.0,36.956521739130395,53.70829886958921,51.988460954501704
2015,340495,Forsyth County Schools,Ronald W Reagan High School,ENROLL,ALL,All Students (Total or Subtotal,298.0,1948.0,51362.0,66.96629213483149,53.70829886958921,51.988460954501704
2015,340496,Forsyth County Schools,R J Reynolds High,ENROLL,ALL,All Students (Total or Subtotal,220.0,1948.0,51362.0,54.187192118226605,53.70829886958921,51.988460954501704
2015,340542,Forsyth County Schools,Walkertown High,ENROLL,ALL,All Students (Total or Subtotal,67.0,1948.0,51362.0,45.890410958904106,53.70829886958921,51.988460954501704
2015,340556,Forsyth County Schools,West Forsyth High,ENROLL,ALL,All Students (Total or Subtotal,307.0,1948.0,51362.0,65.31914893617021,53.70829886958921,51.988460954501704
2015,340568,Forsyth County Schools,Winston-Salem Preparatory Acad,ENROLL,ALL,All Students (Total or Subtotal,14.0,1948.0,51362.0,41.1764705882353,53.70829886958921,51.988460954501704
2015,350308,Franklin County Schools,Bunn High,ENROLL,ALL,All Students (Total or Subtotal,84.0,267.0,51362.0,46.15384615384621,48.1081081081081,51.988460954501704
2015,350317,Franklin County Schools,Franklin County Early College,ENROLL,ALL,All Students (Total or Subtotal,17.0,267.0,51362.0,60.71428571428571,48.1081081081081,51.988460954501704
2015,350321,Franklin County Schools,Franklinton High,ENROLL,ALL,All Students (Total or Subtotal,112.0,267.0,51362.0,49.77777777777779,48.1081081081081,51.988460954501704
2015,350336,Franklin County Schools,Louisburg High,ENROLL,ALL,All Students (Total or Subtotal,54.0,267.0,51362.0,45.0,48.1081081081081,51.988460954501704
2015,360310,Gaston County Schools,Ashbrook High,ENROLL,ALL,All Students (Total or Subtotal,164.0,1090.0,51362.0,52.564102564102605,51.4636449480642,51.988460954501704
2015,360336,Gaston County Schools,Bessemer City High,ENROLL,ALL,All Students (Total or Subtotal,47.0,1090.0,51362.0,40.170940170940206,51.4636449480642,51.988460954501704
2015,360337,Gaston County Schools,Gaston Early College High School,ENROLL,ALL,All Students (Total or Subtotal,8.0,1090.0,51362.0,50.0,51.4636449480642,51.988460954501704
2015,360360,Gaston County Schools,Cherryville High,ENROLL,ALL,All Students (Total or Subtotal,59.0,1090.0,51362.0,47.96747967479671,51.4636449480642,51.988460954501704
2015,360372,Gaston County Schools,Warlick Academy,ENROLL,ALL,All Students (Total or Subtotal,,1090.0,51362.0,9.09090909090909,51.4636449480642,51.988460954501704
2015,360390,Gaston County Schools,East Gaston High,ENROLL,ALL,All Students (Total or Subtotal,194.0,1090.0,51362.0,56.0693641618497,51.4636449480642,51.988460954501704
2015,360396,Gaston County Schools,Forestview High,ENROLL,ALL,All Students (Total or Subtotal,166.0,1090.0,51362.0,60.1449275362319,51.4636449480642,51.988460954501704
2015,360418,Gaston County Schools,Highland Sch of Technology,ENROLL,ALL,All Students (Total or Subtotal,89.0,1090.0,51362.0,67.42424242424241,51.4636449480642,51.988460954501704
2015,360428,Gaston County Schools,Hunter Huss High,ENROLL,ALL,All Students (Total or Subtotal,87.0,1090.0,51362.0,35.9504132231405,51.4636449480642,51.988460954501704
2015,360470,Gaston County Schools,North Gaston High,ENROLL,ALL,All Students (Total or Subtotal,121.0,1090.0,51362.0,51.93133047210301,51.4636449480642,51.988460954501704
2015,360494,Gaston County Schools,South Point High,ENROLL,ALL,All Students (Total or Subtotal,154.0,1090.0,51362.0,51.505016722408,51.4636449480642,51.988460954501704
2015,370312,Gates County Schools,Gates County Senior High,ENROLL,ALL,All Students (Total or Subtotal,58.0,58.0,51362.0,45.3125,45.3125,51.988460954501704
2015,380308,Graham County Schools,Robbinsville High,ENROLL,ALL,All Students (Total or Subtotal,42.0,42.0,51362.0,49.4117647058824,49.4117647058824,51.988460954501704
2015,390322,Granville County Schools,Granville Central High,ENROLL,ALL,All Students (Total or Subtotal,57.0,191.0,51362.0,41.0071942446043,50.7978723404255,51.988460954501704
2015,390323,Granville County Schools,Granville Early College High,ENROLL,ALL,All Students (Total or Subtotal,30.0,191.0,51362.0,63.8297872340426,50.7978723404255,51.988460954501704
2015,390324,Granville County Schools,J. F. Webb High,ENROLL,ALL,All Students (Total or Subtotal,52.0,191.0,51362.0,45.2173913043478,50.7978723404255,51.988460954501704
2015,390700,Granville County Schools,JF Webb HS Of Health And Life Sciences,ENROLL,ALL,All Students (Total or Subtotal,52.0,191.0,51362.0,69.3333333333333,50.7978723404255,51.988460954501704
2015,400308,Greene County Schools,Greene Central High,ENROLL,ALL,All Students (Total or Subtotal,96.0,103.0,51362.0,51.3368983957219,48.356807511737095,51.988460954501704
2015,400315,Greene County Schools,Greene Early College High,ENROLL,ALL,All Students (Total or Subtotal,7.0,103.0,51362.0,26.923076923076895,48.356807511737095,51.988460954501704
2015,410319,Guilford County Schools,T Wingate Andrews High,ENROLL,ALL,All Students (Total or Subtotal,59.0,1720.0,51362.0,30.569948186528503,32.0775829914211,51.988460954501704
2015,410326,Guilford County Schools,Middle College High at Bennett,ENROLL,ALL,All Students (Total or Subtotal,,1720.0,51362.0,13.7931034482759,32.0775829914211,51.988460954501704
2015,410355,Guilford County Schools,James B Dudley High,ENROLL,ALL,All Students (Total or Subtotal,84.0,1720.0,51362.0,25.225225225225202,32.0775829914211,51.988460954501704
2015,410358,Guilford County Schools,Eastern Guilford High,ENROLL,ALL,All Students (Total or Subtotal,90.0,1720.0,51362.0,34.615384615384606,32.0775829914211,51.988460954501704
2015,410390,Guilford County Schools,GC Middle College High,ENROLL,ALL,All Students (Total or Subtotal,24.0,1720.0,51362.0,32.4324324324324,32.0775829914211,51.988460954501704
2015,410391,Guilford County Schools,Penn-Griffin Schools,ENROLL,ALL,All Students (Total or Subtotal,12.0,1720.0,51362.0,28.571428571428598,32.0775829914211,51.988460954501704
2015,410394,Guilford County Schools,Grimsley High,ENROLL,ALL,All Students (Total or Subtotal,137.0,1720.0,51362.0,35.770234986945205,32.0775829914211,51.988460954501704
2015,410395,Guilford County Schools,Early College at Guilford,ENROLL,ALL,All Students (Total or Subtotal,7.0,1720.0,51362.0,15.217391304347801,32.0775829914211,51.988460954501704
2015,410399,Guilford County Schools,Middle College at GTCC-GSO,ENROLL,ALL,All Students (Total or Subtotal,17.0,1720.0,51362.0,56.6666666666667,32.0775829914211,51.988460954501704
2015,410401,Guilford County Schools,GTCC Middle College High,ENROLL,ALL,All Students (Total or Subtotal,16.0,1720.0,51362.0,42.105263157894704,32.0775829914211,51.988460954501704
2015,410406,Guilford County Schools,High Point Central High,ENROLL,ALL,All Students (Total or Subtotal,113.0,1720.0,51362.0,33.2352941176471,32.0775829914211,51.988460954501704
2015,410407,Guilford County Schools,Dorothy Kendall Kearns Academy at HPC,ENROLL,ALL,All Students (Total or Subtotal,18.0,1720.0,51362.0,60.0,32.0775829914211,51.988460954501704
2015,410408,Guilford County Schools,Middle College GTCC High Point,ENROLL,ALL,All Students (Total or Subtotal,7.0,1720.0,51362.0,25.9259259259259,32.0775829914211,51.988460954501704
2015,410483,Guilford County Schools,Middle College High @ NC A&T,ENROLL,ALL,All Students (Total or Subtotal,5.0,1720.0,51362.0,18.5185185185185,32.0775829914211,51.988460954501704
2015,410484,Guilford County Schools,Northeast Guilford High,ENROLL,ALL,All Students (Total or Subtotal,65.0,1720.0,51362.0,27.896995708154503,32.0775829914211,51.988460954501704
2015,410489,Guilford County Schools,Northern Guilford High,ENROLL,ALL,All Students (Total or Subtotal,106.0,1720.0,51362.0,30.285714285714302,32.0775829914211,51.988460954501704
2015,410490,Guilford County Schools,Northwest Guilford High,ENROLL,ALL,All Students (Total or Subtotal,169.0,1720.0,51362.0,34.9896480331263,32.0775829914211,51.988460954501704
2015,410508,Guilford County Schools,Page High,ENROLL,ALL,All Students (Total or Subtotal,149.0,1720.0,51362.0,33.184855233853,32.0775829914211,51.988460954501704
2015,410529,Guilford County Schools,Lucy Ragsdale High,ENROLL,ALL,All Students (Total or Subtotal,128.0,1720.0,51362.0,41.1575562700965,32.0775829914211,51.988460954501704
2015,410544,Guilford County Schools,Ben L. Smith High School,ENROLL,ALL,All Students (Total or Subtotal,70.0,1720.0,51362.0,25.7352941176471,32.0775829914211,51.988460954501704
2015,410545,Guilford County Schools,The Academy at Smith,ENROLL,ALL,All Students (Total or Subtotal,20.0,1720.0,51362.0,37.7358490566038,32.0775829914211,51.988460954501704
2015,410547,Guilford County Schools,Southeast Guilford High,ENROLL,ALL,All Students (Total or Subtotal,103.0,1720.0,51362.0,30.116959064327503,32.0775829914211,51.988460954501704
2015,410556,Guilford County Schools,Southern Guilford High,ENROLL,ALL,All Students (Total or Subtotal,71.0,1720.0,51362.0,28.0632411067194,32.0775829914211,51.988460954501704
2015,410562,Guilford County Schools,Southwest Guilford High,ENROLL,ALL,All Students (Total or Subtotal,123.0,1720.0,51362.0,32.8877005347594,32.0775829914211,51.988460954501704
2015,410579,Guilford County Schools,UNCG Early/Middle College,ENROLL,ALL,All Students (Total or Subtotal,14.0,1720.0,51362.0,31.111111111111104,32.0775829914211,51.988460954501704
2015,410589,Guilford County Schools,Philip J Weaver Ed Center,ENROLL,ALL,All Students (Total or Subtotal,16.0,1720.0,51362.0,24.242424242424196,32.0775829914211,51.988460954501704
2015,410595,Guilford County Schools,Western Guilford High,ENROLL,ALL,All Students (Total or Subtotal,93.0,1720.0,51362.0,34.8314606741573,32.0775829914211,51.988460954501704
2015,420346,Halifax County Schools,Northwest Halifax High,ENROLL,ALL,All Students (Total or Subtotal,47.0,80.0,51362.0,48.45360824742271,42.3280423280423,51.988460954501704
2015,420358,Halifax County Schools,Southeast Halifax High,ENROLL,ALL,All Students (Total or Subtotal,33.0,80.0,51362.0,35.8695652173913,42.3280423280423,51.988460954501704
2015,421316,Roanoke Rapids City Schools,Roanoke Rapids High School,ENROLL,ALL,All Students (Total or Subtotal,126.0,126.0,51362.0,67.37967914438501,67.37967914438501,51.988460954501704
2015,422310,Weldon City Schools,Roanoke Valley Early College,ENROLL,ALL,All Students (Total or Subtotal,28.0,48.0,51362.0,75.6756756756757,62.337662337662294,51.988460954501704
2015,422315,Weldon City Schools,Weldon STEM High School Career Academies,ENROLL,ALL,All Students (Total or Subtotal,20.0,48.0,51362.0,50.0,62.337662337662294,51.988460954501704
2015,430346,Harnett County Schools,Harnett Central High,ENROLL,ALL,All Students (Total or Subtotal,163.0,588.0,51362.0,47.6608187134503,45.510835913312704,51.988460954501704
2015,430371,Harnett County Schools,Overhills High,ENROLL,ALL,All Students (Total or Subtotal,156.0,588.0,51362.0,42.162162162162204,45.510835913312704,51.988460954501704
2015,430378,Harnett County Schools,Triton High,ENROLL,ALL,All Students (Total or Subtotal,129.0,588.0,51362.0,45.10489510489511,45.510835913312704,51.988460954501704
2015,430384,Harnett County Schools,Western Harnett High,ENROLL,ALL,All Students (Total or Subtotal,140.0,588.0,51362.0,47.619047619047606,45.510835913312704,51.988460954501704
2015,440326,Haywood County Schools,Central Haywood High,ENROLL,ALL,All Students (Total or Subtotal,27.0,252.0,51362.0,42.1875,50.09940357852879,51.988460954501704
2015,440346,Haywood County Schools,Haywood Early College,ENROLL,ALL,All Students (Total or Subtotal,7.0,252.0,51362.0,43.75,50.09940357852879,51.988460954501704
2015,440378,Haywood County Schools,Pisgah High,ENROLL,ALL,All Students (Total or Subtotal,105.0,252.0,51362.0,46.875,50.09940357852879,51.988460954501704
2015,440390,Haywood County Schools,Tuscola High,ENROLL,ALL,All Students (Total or Subtotal,113.0,252.0,51362.0,56.78391959799,50.09940357852879,51.988460954501704
2015,450316,Henderson County Schools,East Henderson High,ENROLL,ALL,All Students (Total or Subtotal,92.0,450.0,51362.0,45.771144278607,47.720042417815506,51.988460954501704
2015,450334,Henderson County Schools,Hendersonville High,ENROLL,ALL,All Students (Total or Subtotal,90.0,450.0,51362.0,58.0645161290323,47.720042417815506,51.988460954501704
2015,450341,Henderson County Schools,North Henderson High,ENROLL,ALL,All Students (Total or Subtotal,101.0,450.0,51362.0,43.16239316239321,47.720042417815506,51.988460954501704
2015,450343,Henderson County Schools,Balfour Education Center,ENROLL,ALL,All Students (Total or Subtotal,10.0,450.0,51362.0,14.925373134328401,47.720042417815506,51.988460954501704
2015,450352,Henderson County Schools,West Henderson High,ENROLL,ALL,All Students (Total or Subtotal,135.0,450.0,51362.0,56.72268907563029,47.720042417815506,51.988460954501704
2015,450354,Henderson County Schools,Henderson County Early College,ENROLL,ALL,All Students (Total or Subtotal,22.0,450.0,51362.0,45.8333333333333,47.720042417815506,51.988460954501704
2015,460320,Hertford County Schools,Hertford County High,ENROLL,ALL,All Students (Total or Subtotal,103.0,117.0,51362.0,60.233918128655006,60.0,51.988460954501704
2015,460322,Hertford County Schools,Hertford Co Early College,ENROLL,ALL,All Students (Total or Subtotal,14.0,117.0,51362.0,63.636363636363605,60.0,51.988460954501704
2015,470312,Hoke County Schools,Hoke County High,ENROLL,ALL,All Students (Total or Subtotal,169.0,193.0,51362.0,41.9354838709677,43.665158371040704,51.988460954501704
2015,470443,Hoke County Schools,SandHoke Early College High,ENROLL,ALL,All Students (Total or Subtotal,24.0,193.0,51362.0,61.538461538461505,43.665158371040704,51.988460954501704
2015,480316,Hyde County Schools,Ocracoke School,ENROLL,ALL,All Students (Total or Subtotal,,18.0,51362.0,66.6666666666667,50.0,51.988460954501704
2015,480318,Hyde County Schools,Mattamuskeet Early College High,ENROLL,ALL,All Students (Total or Subtotal,14.0,18.0,51362.0,46.6666666666667,50.0,51.988460954501704
2015,490310,Iredell-Statesville Schools,Career Academy and Technical School,ENROLL,ALL,All Students (Total or Subtotal,5.0,857.0,51362.0,55.5555555555556,56.792577866136504,51.988460954501704
2015,490320,Iredell-Statesville Schools,Collaborative College for Technology,ENROLL,ALL,All Students (Total or Subtotal,37.0,857.0,51362.0,60.655737704918,56.792577866136504,51.988460954501704
2015,490335,Iredell-Statesville Schools,Lake Norman High,ENROLL,ALL,All Students (Total or Subtotal,293.0,857.0,51362.0,62.3404255319149,56.792577866136504,51.988460954501704
2015,490346,Iredell-Statesville Schools,North Iredell High,ENROLL,ALL,All Students (Total or Subtotal,129.0,857.0,51362.0,54.8936170212766,56.792577866136504,51.988460954501704
2015,490350,Iredell-Statesville Schools,Pressly School,ENROLL,ALL,All Students (Total or Subtotal,,857.0,51362.0,25.0,56.792577866136504,51.988460954501704
2015,490354,Iredell-Statesville Schools,Statesville High,ENROLL,ALL,All Students (Total or Subtotal,114.0,857.0,51362.0,55.3398058252427,56.792577866136504,51.988460954501704
2015,490355,Iredell-Statesville Schools,Crossroads Arts Sciences Early College,ENROLL,ALL,All Students (Total or Subtotal,31.0,857.0,51362.0,53.448275862068996,56.792577866136504,51.988460954501704
2015,490362,Iredell-Statesville Schools,South Iredell High,ENROLL,ALL,All Students (Total or Subtotal,151.0,857.0,51362.0,56.7669172932331,56.792577866136504,51.988460954501704
2015,490380,Iredell-Statesville Schools,West Iredell High,ENROLL,ALL,All Students (Total or Subtotal,96.0,857.0,51362.0,48.0,56.792577866136504,51.988460954501704
2015,491312,Mooresville City Schools,Mooresville High School,ENROLL,ALL,All Students (Total or Subtotal,232.0,232.0,51362.0,59.0330788804071,59.0330788804071,51.988460954501704
2015,500302,Jackson County Schools,Blue Ridge Early College,ENROLL,ALL,All Students (Total or Subtotal,9.0,129.0,51362.0,30.0,50.390625,51.988460954501704
2015,500323,Jackson County Schools,Jackson Co Early College,ENROLL,ALL,All Students (Total or Subtotal,12.0,129.0,51362.0,41.3793103448276,50.390625,51.988460954501704
2015,500324,Jackson County Schools,Jackson Co Sch of Alternatives,ENROLL,ALL,All Students (Total or Subtotal,6.0,129.0,51362.0,26.0869565217391,50.390625,51.988460954501704
2015,500340,Jackson County Schools,Smoky Mountain High,ENROLL,ALL,All Students (Total or Subtotal,102.0,129.0,51362.0,58.6206896551724,50.390625,51.988460954501704
2015,510324,Johnston County Schools,Clayton High,ENROLL,ALL,All Students (Total or Subtotal,177.0,1157.0,51362.0,54.2944785276074,52.5192918747163,51.988460954501704
2015,510327,Johnston County Schools,Cleveland High,ENROLL,ALL,All Students (Total or Subtotal,159.0,1157.0,51362.0,55.7894736842105,52.5192918747163,51.988460954501704
2015,510333,Johnston County Schools,Corinth Holders High,ENROLL,ALL,All Students (Total or Subtotal,225.0,1157.0,51362.0,62.154696132596705,52.5192918747163,51.988460954501704
2015,510357,Johnston County Schools,Johnston Co Middle College,ENROLL,ALL,All Students (Total or Subtotal,51.0,1157.0,51362.0,68.0,52.5192918747163,51.988460954501704
2015,510367,Johnston County Schools,Johnston Co Early College Academy,ENROLL,ALL,All Students (Total or Subtotal,25.0,1157.0,51362.0,55.5555555555556,52.5192918747163,51.988460954501704
2015,510368,Johnston County Schools,North Johnston High,ENROLL,ALL,All Students (Total or Subtotal,90.0,1157.0,51362.0,52.3255813953488,52.5192918747163,51.988460954501704
2015,510376,Johnston County Schools,Princeton High,ENROLL,ALL,All Students (Total or Subtotal,39.0,1157.0,51362.0,36.7924528301887,52.5192918747163,51.988460954501704
2015,510380,Johnston County Schools,South Campus Community High,ENROLL,ALL,All Students (Total or Subtotal,,1157.0,51362.0,25.0,52.5192918747163,51.988460954501704
2015,510399,Johnston County Schools,Smithfield-Selma High,ENROLL,ALL,All Students (Total or Subtotal,106.0,1157.0,51362.0,43.442622950819704,52.5192918747163,51.988460954501704
2015,510402,Johnston County Schools,South Johnston High,ENROLL,ALL,All Students (Total or Subtotal,122.0,1157.0,51362.0,42.6573426573427,52.5192918747163,51.988460954501704
2015,510406,Johnston County Schools,West Johnston High,ENROLL,ALL,All Students (Total or Subtotal,162.0,1157.0,51362.0,54.3624161073826,52.5192918747163,51.988460954501704
2015,520320,Jones County Schools,Jones Senior High,ENROLL,ALL,All Students (Total or Subtotal,38.0,38.0,51362.0,50.6666666666667,50.6666666666667,51.988460954501704
2015,530335,Lee County Schools,Lee Early College,ENROLL,ALL,All Students (Total or Subtotal,32.0,326.0,51362.0,50.0,47.2463768115942,51.988460954501704
2015,530336,Lee County Schools,Lee County High,ENROLL,ALL,All Students (Total or Subtotal,163.0,326.0,51362.0,45.7865168539326,47.2463768115942,51.988460954501704
2015,530343,Lee County Schools,Southern Lee High School,ENROLL,ALL,All Students (Total or Subtotal,131.0,326.0,51362.0,49.24812030075189,47.2463768115942,51.988460954501704
2015,540315,Lenoir County Public Schools,Kinston High,ENROLL,ALL,All Students (Total or Subtotal,76.0,312.0,51362.0,42.6966292134831,52.436974789916,51.988460954501704
2015,540317,Lenoir County Public Schools,Lenoir County Early College High,ENROLL,ALL,All Students (Total or Subtotal,20.0,312.0,51362.0,60.6060606060606,52.436974789916,51.988460954501704
2015,540318,Lenoir County Public Schools,Lenoir County Learning Academy,ENROLL,ALL,All Students (Total or Subtotal,,312.0,51362.0,5.882352941176469,52.436974789916,51.988460954501704
2015,540324,Lenoir County Public Schools,North Lenoir High,ENROLL,ALL,All Students (Total or Subtotal,110.0,312.0,51362.0,57.894736842105296,52.436974789916,51.988460954501704
2015,540336,Lenoir County Public Schools,South Lenoir High,ENROLL,ALL,All Students (Total or Subtotal,105.0,312.0,51362.0,59.3220338983051,52.436974789916,51.988460954501704
2015,550320,Lincoln County Schools,East Lincoln High,ENROLL,ALL,All Students (Total or Subtotal,120.0,470.0,51362.0,56.0747663551402,53.04740406320539,51.988460954501704
2015,550332,Lincoln County Schools,Lincolnton High,ENROLL,ALL,All Students (Total or Subtotal,91.0,470.0,51362.0,42.7230046948357,53.04740406320539,51.988460954501704
2015,550344,Lincoln County Schools,North Lincoln High,ENROLL,ALL,All Students (Total or Subtotal,166.0,470.0,51362.0,68.0327868852459,53.04740406320539,51.988460954501704
2015,550368,Lincoln County Schools,West Lincoln High,ENROLL,ALL,All Students (Total or Subtotal,93.0,470.0,51362.0,43.2558139534884,53.04740406320539,51.988460954501704
2015,560320,Macon County Schools,Franklin High,ENROLL,ALL,All Students (Total or Subtotal,111.0,155.0,51362.0,54.679802955665,50.8196721311475,51.988460954501704
2015,560324,Macon County Schools,Highlands School,ENROLL,ALL,All Students (Total or Subtotal,18.0,155.0,51362.0,60.0,50.8196721311475,51.988460954501704
2015,560329,Macon County Schools,Macon Early College High School,ENROLL,ALL,All Students (Total or Subtotal,19.0,155.0,51362.0,59.375,50.8196721311475,51.988460954501704
2015,560332,Macon County Schools,Nantahala School,ENROLL,ALL,All Students (Total or Subtotal,,155.0,51362.0,60.0,50.8196721311475,51.988460954501704
2015,560350,Macon County Schools,"Union Academy, Franklin",ENROLL,ALL,All Students (Total or Subtotal,,155.0,51362.0,11.4285714285714,50.8196721311475,51.988460954501704
2015,570317,Madison County Schools,Madison Early College High,ENROLL,ALL,All Students (Total or Subtotal,13.0,55.0,51362.0,30.952380952381002,31.428571428571402,51.988460954501704
2015,570318,Madison County Schools,Madison High,ENROLL,ALL,All Students (Total or Subtotal,42.0,55.0,51362.0,31.5789473684211,31.428571428571402,51.988460954501704
2015,580344,Martin County Schools,South Creek High,ENROLL,ALL,All Students (Total or Subtotal,37.0,112.0,51362.0,46.25,57.435897435897395,51.988460954501704
2015,580368,Martin County Schools,"Riverside High, Williamston",ENROLL,ALL,All Students (Total or Subtotal,75.0,112.0,51362.0,65.2173913043478,57.435897435897395,51.988460954501704
2015,590328,McDowell County Schools,McDowell Early College,ENROLL,ALL,All Students (Total or Subtotal,22.0,213.0,51362.0,55.0,49.8829039812646,51.988460954501704
2015,590330,McDowell County Schools,McDowell High,ENROLL,ALL,All Students (Total or Subtotal,186.0,213.0,51362.0,49.732620320855595,49.8829039812646,51.988460954501704
2015,590393,McDowell County Schools,McDowell,ENROLL,ALL,All Students (Total or Subtotal,5.0,213.0,51362.0,38.4615384615385,49.8829039812646,51.988460954501704
2015,600302,Charlotte-Mecklenburg Schools,Ardrey Kell High,ENROLL,ALL,All Students (Total or Subtotal,389.0,4669.0,51362.0,62.24,51.403721237476596,51.988460954501704
2015,600312,Charlotte-Mecklenburg Schools,William Amos Hough High,ENROLL,ALL,All Students (Total or Subtotal,360.0,4669.0,51362.0,63.943161634103,51.403721237476596,51.988460954501704
2015,600334,Charlotte-Mecklenburg Schools,Cato Middle College High,ENROLL,ALL,All Students (Total or Subtotal,56.0,4669.0,51362.0,77.7777777777778,51.403721237476596,51.988460954501704
2015,600341,Charlotte-Mecklenburg Schools,Cochrane Collegiate Academy,ENROLL,ALL,All Students (Total or Subtotal,20.0,4669.0,51362.0,50.0,51.403721237476596,51.988460954501704
2015,600361,Charlotte-Mecklenburg Schools,Butler High,ENROLL,ALL,All Students (Total or Subtotal,259.0,4669.0,51362.0,57.9418344519016,51.403721237476596,51.988460954501704
2015,600364,Charlotte-Mecklenburg Schools,Military and Global Leadership Academy,ENROLL,ALL,All Students (Total or Subtotal,21.0,4669.0,51362.0,70.0,51.403721237476596,51.988460954501704
2015,600377,Charlotte-Mecklenburg Schools,East Mecklenburg High,ENROLL,ALL,All Students (Total or Subtotal,205.0,4669.0,51362.0,53.9473684210526,51.403721237476596,51.988460954501704
2015,600386,Charlotte-Mecklenburg Schools,Hawthorne High,ENROLL,ALL,All Students (Total or Subtotal,7.0,4669.0,51362.0,20.0,51.403721237476596,51.988460954501704
2015,600397,Charlotte-Mecklenburg Schools,Garinger High,ENROLL,ALL,All Students (Total or Subtotal,92.0,4669.0,51362.0,28.75,51.403721237476596,51.988460954501704
2015,600405,Charlotte-Mecklenburg Schools,Harding University High,ENROLL,ALL,All Students (Total or Subtotal,117.0,4669.0,51362.0,36.3354037267081,51.403721237476596,51.988460954501704
2015,600415,Charlotte-Mecklenburg Schools,Hopewell High,ENROLL,ALL,All Students (Total or Subtotal,213.0,4669.0,51362.0,52.46305418719211,51.403721237476596,51.988460954501704
2015,600426,Charlotte-Mecklenburg Schools,Independence High,ENROLL,ALL,All Students (Total or Subtotal,254.0,4669.0,51362.0,50.8,51.403721237476596,51.988460954501704
2015,600443,Charlotte-Mecklenburg Schools,Levine Middle College High,ENROLL,ALL,All Students (Total or Subtotal,27.0,4669.0,51362.0,69.23076923076921,51.403721237476596,51.988460954501704
2015,600445,Charlotte-Mecklenburg Schools,Mallard Creek High,ENROLL,ALL,All Students (Total or Subtotal,297.0,4669.0,51362.0,53.804347826086996,51.403721237476596,51.988460954501704
2015,600457,Charlotte-Mecklenburg Schools,Rocky River High,ENROLL,ALL,All Students (Total or Subtotal,217.0,4669.0,51362.0,49.5433789954338,51.403721237476596,51.988460954501704
2015,600461,Charlotte-Mecklenburg Schools,Lincoln Heights Academy,ENROLL,ALL,All Students (Total or Subtotal,,4669.0,51362.0,28.571428571428598,51.403721237476596,51.988460954501704
2015,600466,Charlotte-Mecklenburg Schools,Myers Park High,ENROLL,ALL,All Students (Total or Subtotal,336.0,4669.0,51362.0,50.678733031674206,51.403721237476596,51.988460954501704
2015,600480,Charlotte-Mecklenburg Schools,North Mecklenburg High,ENROLL,ALL,All Students (Total or Subtotal,198.0,4669.0,51362.0,51.5625,51.403721237476596,51.988460954501704
2015,600482,Charlotte-Mecklenburg Schools,Northwest School of the Arts,ENROLL,ALL,All Students (Total or Subtotal,80.0,4669.0,51362.0,67.2268907563025,51.403721237476596,51.988460954501704
2015,600496,Charlotte-Mecklenburg Schools,Phillip O Berry Academy of Technology,ENROLL,ALL,All Students (Total or Subtotal,209.0,4669.0,51362.0,64.9068322981366,51.403721237476596,51.988460954501704
2015,600498,Charlotte-Mecklenburg Schools,"Performance Learning Center, Charlotte",ENROLL,ALL,All Students (Total or Subtotal,31.0,4669.0,51362.0,31.9587628865979,51.403721237476596,51.988460954501704
2015,600508,Charlotte-Mecklenburg Schools,Providence High,ENROLL,ALL,All Students (Total or Subtotal,295.0,4669.0,51362.0,64.6929824561403,51.403721237476596,51.988460954501704
2015,600535,Charlotte-Mecklenburg Schools,South Mecklenburg High,ENROLL,ALL,All Students (Total or Subtotal,325.0,4669.0,51362.0,53.0179445350734,51.403721237476596,51.988460954501704
2015,600576,Charlotte-Mecklenburg Schools,West Charlotte High,ENROLL,ALL,All Students (Total or Subtotal,106.0,4669.0,51362.0,31.641791044776102,51.403721237476596,51.988460954501704
2015,600579,Charlotte-Mecklenburg Schools,West Mecklenburg High,ENROLL,ALL,All Students (Total or Subtotal,149.0,4669.0,51362.0,36.5196078431373,51.403721237476596,51.988460954501704
2015,600592,Charlotte-Mecklenburg Schools,Vance High,ENROLL,ALL,All Students (Total or Subtotal,161.0,4669.0,51362.0,42.933333333333294,51.403721237476596,51.988460954501704
2015,600693,Charlotte-Mecklenburg Schools,Olympic High - Renaissance School,ENROLL,ALL,All Students (Total or Subtotal,54.0,4669.0,51362.0,48.21428571428571,51.403721237476596,51.988460954501704
2015,600694,Charlotte-Mecklenburg Schools,Olympic High-Math Eng Tech Science,ENROLL,ALL,All Students (Total or Subtotal,66.0,4669.0,51362.0,52.8,51.403721237476596,51.988460954501704
2015,600696,Charlotte-Mecklenburg Schools,Olympic High-Leadership and Development,ENROLL,ALL,All Students (Total or Subtotal,65.0,4669.0,51362.0,41.1392405063291,51.403721237476596,51.988460954501704
2015,600697,Charlotte-Mecklenburg Schools,Olympic High - Biotech Health Pub Admin,ENROLL,ALL,All Students (Total or Subtotal,58.0,4669.0,51362.0,47.933884297520706,51.403721237476596,51.988460954501704
2015,610332,Mitchell County Schools,Mayland Early College,ENROLL,ALL,All Students (Total or Subtotal,,50.0,51362.0,33.3333333333333,42.0168067226891,51.988460954501704
2015,610334,Mitchell County Schools,Mitchell High,ENROLL,ALL,All Students (Total or Subtotal,46.0,50.0,51362.0,42.9906542056075,42.0168067226891,51.988460954501704
2015,620310,Montgomery County Schools,Montgomery Learning Academy,ENROLL,ALL,All Students (Total or Subtotal,,128.0,51362.0,10.0,48.6692015209125,51.988460954501704
2015,620316,Montgomery County Schools,East Montgomery High,ENROLL,ALL,All Students (Total or Subtotal,68.0,128.0,51362.0,50.746268656716396,48.6692015209125,51.988460954501704
2015,620340,Montgomery County Schools,West Montgomery High,ENROLL,ALL,All Students (Total or Subtotal,59.0,128.0,51362.0,49.579831932773104,48.6692015209125,51.988460954501704
2015,630330,Moore County Schools,The Community Learning Center @ Pinckney,ENROLL,ALL,All Students (Total or Subtotal,,531.0,51362.0,18.181818181818198,60.4783599088838,51.988460954501704
2015,630332,Moore County Schools,North Moore High,ENROLL,ALL,All Students (Total or Subtotal,89.0,531.0,51362.0,61.3793103448276,60.4783599088838,51.988460954501704
2015,630336,Moore County Schools,Pinecrest High,ENROLL,ALL,All Students (Total or Subtotal,276.0,531.0,51362.0,61.74496644295299,60.4783599088838,51.988460954501704
2015,630360,Moore County Schools,Union Pines High,ENROLL,ALL,All Students (Total or Subtotal,164.0,531.0,51362.0,59.636363636363605,60.4783599088838,51.988460954501704
2015,640340,Nash-Rocky Mount Schools,Tar River Academy,ENROLL,ALL,All Students (Total or Subtotal,26.0,607.0,51362.0,28.888888888888896,52.6452732003469,51.988460954501704
2015,640346,Nash-Rocky Mount Schools,Nash Central High,ENROLL,ALL,All Students (Total or Subtotal,131.0,607.0,51362.0,56.4655172413793,52.6452732003469,51.988460954501704
2015,640347,Nash-Rocky Mount Schools,NRM Early College High School,ENROLL,ALL,All Students (Total or Subtotal,27.0,607.0,51362.0,50.9433962264151,52.6452732003469,51.988460954501704
2015,640350,Nash-Rocky Mount Schools,Northern Nash High,ENROLL,ALL,All Students (Total or Subtotal,149.0,607.0,51362.0,55.59701492537311,52.6452732003469,51.988460954501704
2015,640361,Nash-Rocky Mount Schools,Rocky Mount High,ENROLL,ALL,All Students (Total or Subtotal,140.0,607.0,51362.0,53.639846743295,52.6452732003469,51.988460954501704
2015,640364,Nash-Rocky Mount Schools,Southern Nash High,ENROLL,ALL,All Students (Total or Subtotal,134.0,607.0,51362.0,53.8152610441767,52.6452732003469,51.988460954501704
2015,650326,New Hanover County Schools,Emsley A Laney High,ENROLL,ALL,All Students (Total or Subtotal,296.0,1072.0,51362.0,65.0549450549451,64.578313253012,51.988460954501704
2015,650327,New Hanover County Schools,Eugene Ashley High,ENROLL,ALL,All Students (Total or Subtotal,229.0,1072.0,51362.0,63.0853994490358,64.578313253012,51.988460954501704
2015,650340,New Hanover County Schools,Isaac M Bear Early College High School,ENROLL,ALL,All Students (Total or Subtotal,36.0,1072.0,51362.0,65.4545454545455,64.578313253012,51.988460954501704
2015,650342,New Hanover County Schools,John T Hoggard High,ENROLL,ALL,All Students (Total or Subtotal,291.0,1072.0,51362.0,70.1204819277108,64.578313253012,51.988460954501704
2015,650352,New Hanover County Schools,New Hanover High,ENROLL,ALL,All Students (Total or Subtotal,185.0,1072.0,51362.0,58.9171974522293,64.578313253012,51.988460954501704
2015,650355,New Hanover County Schools,Career Readiness Academy at Mosley PLC,ENROLL,ALL,All Students (Total or Subtotal,,1072.0,51362.0,20.0,64.578313253012,51.988460954501704
2015,650394,New Hanover County Schools,Wilmington Early College High,ENROLL,ALL,All Students (Total or Subtotal,31.0,1072.0,51362.0,81.5789473684211,64.578313253012,51.988460954501704
2015,660336,Northampton County Schools,Northampton County High School,ENROLL,ALL,All Students (Total or Subtotal,46.0,46.0,51362.0,38.3333333333333,38.3333333333333,51.988460954501704
2015,670320,Onslow County Schools,Dixon High,ENROLL,ALL,All Students (Total or Subtotal,97.0,704.0,51362.0,53.8888888888889,45.21515735388571,51.988460954501704
2015,670324,Onslow County Schools,Jacksonville High,ENROLL,ALL,All Students (Total or Subtotal,131.0,704.0,51362.0,52.4,45.21515735388571,51.988460954501704
2015,670333,Onslow County Schools,"Northside High, Jacksonville",ENROLL,ALL,All Students (Total or Subtotal,110.0,704.0,51362.0,47.8260869565217,45.21515735388571,51.988460954501704
2015,670340,Onslow County Schools,Richlands High,ENROLL,ALL,All Students (Total or Subtotal,91.0,704.0,51362.0,39.565217391304294,45.21515735388571,51.988460954501704
2015,670344,Onslow County Schools,Southwest High,ENROLL,ALL,All Students (Total or Subtotal,64.0,704.0,51362.0,40.251572327044,45.21515735388571,51.988460954501704
2015,670352,Onslow County Schools,Swansboro High,ENROLL,ALL,All Students (Total or Subtotal,99.0,704.0,51362.0,40.080971659919,45.21515735388571,51.988460954501704
2015,670364,Onslow County Schools,White Oak High,ENROLL,ALL,All Students (Total or Subtotal,112.0,704.0,51362.0,42.911877394636,45.21515735388571,51.988460954501704
2015,680310,Orange County Schools,Cedar Ridge High,ENROLL,ALL,All Students (Total or Subtotal,131.0,261.0,51362.0,51.574803149606296,47.6277372262774,51.988460954501704
2015,680332,Orange County Schools,Orange High,ENROLL,ALL,All Students (Total or Subtotal,128.0,261.0,51362.0,44.5993031358885,47.6277372262774,51.988460954501704
2015,680335,Orange County Schools,Partnership Academy,ENROLL,ALL,All Students (Total or Subtotal,,261.0,51362.0,28.571428571428598,47.6277372262774,51.988460954501704
2015,681305,Chapel Hill-Carrboro Schools,Carrboro High,ENROLL,ALL,All Students (Total or Subtotal,138.0,484.0,51362.0,63.8888888888889,52.665941240478794,51.988460954501704
2015,681308,Chapel Hill-Carrboro Schools,Chapel Hill High,ENROLL,ALL,All Students (Total or Subtotal,188.0,484.0,51362.0,54.8104956268222,52.665941240478794,51.988460954501704
2015,681314,Chapel Hill-Carrboro Schools,East Chapel Hill High,ENROLL,ALL,All Students (Total or Subtotal,157.0,484.0,51362.0,45.772594752186606,52.665941240478794,51.988460954501704
2015,681338,Chapel Hill-Carrboro Schools,Phoenix Academy High,ENROLL,ALL,All Students (Total or Subtotal,,484.0,51362.0,5.882352941176469,52.665941240478794,51.988460954501704
2015,690320,Pamlico County Schools,Pamlico County High,ENROLL,ALL,All Students (Total or Subtotal,60.0,60.0,51362.0,54.545454545454504,54.545454545454504,51.988460954501704
2015,700317,Pasquotank County Schools,Northeastern High,ENROLL,ALL,All Students (Total or Subtotal,109.0,192.0,51362.0,60.2209944751381,53.781512605041996,51.988460954501704
2015,700319,Pasquotank County Schools,Pasquotank County High,ENROLL,ALL,All Students (Total or Subtotal,83.0,192.0,51362.0,47.428571428571395,53.781512605041996,51.988460954501704
2015,710321,Pender County Schools,Heide Trask High,ENROLL,ALL,All Students (Total or Subtotal,76.0,371.0,51362.0,46.341463414634106,55.5389221556886,51.988460954501704
2015,710326,Pender County Schools,Pender High,ENROLL,ALL,All Students (Total or Subtotal,77.0,371.0,51362.0,50.657894736842096,55.5389221556886,51.988460954501704
2015,710327,Pender County Schools,Pender Early College High,ENROLL,ALL,All Students (Total or Subtotal,22.0,371.0,51362.0,55.0,55.5389221556886,51.988460954501704
2015,710342,Pender County Schools,Topsail High,ENROLL,ALL,All Students (Total or Subtotal,196.0,371.0,51362.0,62.8205128205128,55.5389221556886,51.988460954501704
2015,720316,Perquimans County Schools,Perquimans County High,ENROLL,ALL,All Students (Total or Subtotal,57.0,57.0,51362.0,51.3513513513513,51.3513513513513,51.988460954501704
2015,730352,Person County Schools,Person High,ENROLL,ALL,All Students (Total or Subtotal,148.0,148.0,51362.0,53.046594982078894,53.046594982078894,51.988460954501704
2015,740309,Pitt County Schools,Ayden-Grifton High,ENROLL,ALL,All Students (Total or Subtotal,82.0,1006.0,51362.0,58.9928057553957,64.65295629820051,51.988460954501704
2015,740333,Pitt County Schools,D H Conley High,ENROLL,ALL,All Students (Total or Subtotal,260.0,1006.0,51362.0,68.241469816273,64.65295629820051,51.988460954501704
2015,740344,Pitt County Schools,Farmville Central High,ENROLL,ALL,All Students (Total or Subtotal,103.0,1006.0,51362.0,59.1954022988506,64.65295629820051,51.988460954501704
2015,740366,Pitt County Schools,Junius H Rose High,ENROLL,ALL,All Students (Total or Subtotal,192.0,1006.0,51362.0,62.745098039215705,64.65295629820051,51.988460954501704
2015,740374,Pitt County Schools,North Pitt High,ENROLL,ALL,All Students (Total or Subtotal,118.0,1006.0,51362.0,57.2815533980583,64.65295629820051,51.988460954501704
2015,740388,Pitt County Schools,South Central High,ENROLL,ALL,All Students (Total or Subtotal,251.0,1006.0,51362.0,71.71428571428571,64.65295629820051,51.988460954501704
2015,750317,Polk County Schools,Polk County Early College,ENROLL,ALL,All Students (Total or Subtotal,5.0,73.0,51362.0,62.5,42.1965317919075,51.988460954501704
2015,750318,Polk County Schools,Polk County High School,ENROLL,ALL,All Students (Total or Subtotal,68.0,73.0,51362.0,41.212121212121204,42.1965317919075,51.988460954501704
2015,760318,Randolph County Schools,Eastern Randolph High,ENROLL,ALL,All Students (Total or Subtotal,77.0,676.0,51362.0,49.677419354838705,56.7590260285474,51.988460954501704
2015,760339,Randolph County Schools,Providence Grove High,ENROLL,ALL,All Students (Total or Subtotal,104.0,676.0,51362.0,60.11560693641621,56.7590260285474,51.988460954501704
2015,760348,Randolph County Schools,Randleman High,ENROLL,ALL,All Students (Total or Subtotal,106.0,676.0,51362.0,53.5353535353535,56.7590260285474,51.988460954501704
2015,760354,Randolph County Schools,Randolph Early College High,ENROLL,ALL,All Students (Total or Subtotal,33.0,676.0,51362.0,55.0,56.7590260285474,51.988460954501704
2015,760358,Randolph County Schools,Southwestern Randolph High,ENROLL,ALL,All Students (Total or Subtotal,148.0,676.0,51362.0,56.7049808429119,56.7590260285474,51.988460954501704
2015,760380,Randolph County Schools,Trinity High,ENROLL,ALL,All Students (Total or Subtotal,93.0,676.0,51362.0,58.860759493670905,56.7590260285474,51.988460954501704
2015,760388,Randolph County Schools,Wheatmore High,ENROLL,ALL,All Students (Total or Subtotal,115.0,676.0,51362.0,61.82795698924729,56.7590260285474,51.988460954501704
2015,761304,Asheboro City Schools,Asheboro High,ENROLL,ALL,All Students (Total or Subtotal,162.0,162.0,51362.0,57.243816254417,57.243816254417,51.988460954501704
2015,770342,Richmond County Schools,Ashley Chapel Educational Center,ENROLL,ALL,All Students (Total or Subtotal,20.0,312.0,51362.0,31.7460317460317,56.5217391304348,51.988460954501704
2015,770348,Richmond County Schools,Richmond Senior High,ENROLL,ALL,All Students (Total or Subtotal,269.0,312.0,51362.0,60.3139013452915,56.5217391304348,51.988460954501704
2015,770349,Richmond County Schools,Richmond Early College High,ENROLL,ALL,All Students (Total or Subtotal,23.0,312.0,51362.0,57.5,56.5217391304348,51.988460954501704
2015,780325,Robeson County Schools,Fairmont High,ENROLL,ALL,All Students (Total or Subtotal,72.0,734.0,51362.0,40.44943820224721,46.72183322724379,51.988460954501704
2015,780342,Robeson County Schools,Lumberton Senior High,ENROLL,ALL,All Students (Total or Subtotal,231.0,734.0,51362.0,49.04458598726111,46.72183322724379,51.988460954501704
2015,780385,Robeson County Schools,PSRC Early College at RCC,ENROLL,ALL,All Students (Total or Subtotal,20.0,734.0,51362.0,71.4285714285714,46.72183322724379,51.988460954501704
2015,780391,Robeson County Schools,Red Springs High,ENROLL,ALL,All Students (Total or Subtotal,68.0,734.0,51362.0,41.975308641975296,46.72183322724379,51.988460954501704
2015,780401,Robeson County Schools,Saint Pauls High,ENROLL,ALL,All Students (Total or Subtotal,85.0,734.0,51362.0,38.1165919282511,46.72183322724379,51.988460954501704
2015,780402,Robeson County Schools,South Robeson High,ENROLL,ALL,All Students (Total or Subtotal,45.0,734.0,51362.0,43.269230769230795,46.72183322724379,51.988460954501704
2015,780420,Robeson County Schools,Purnell Swett High,ENROLL,ALL,All Students (Total or Subtotal,213.0,734.0,51362.0,52.5925925925926,46.72183322724379,51.988460954501704
2015,790314,Rockingham County Schools,Dalton McMichael High,ENROLL,ALL,All Students (Total or Subtotal,111.0,462.0,51362.0,47.63948497854079,51.106194690265504,51.988460954501704
2015,790354,Rockingham County Schools,John M Morehead High,ENROLL,ALL,All Students (Total or Subtotal,102.0,462.0,51362.0,51.25628140703521,51.106194690265504,51.988460954501704
2015,790366,Rockingham County Schools,Reidsville High,ENROLL,ALL,All Students (Total or Subtotal,75.0,462.0,51362.0,44.9101796407186,51.106194690265504,51.988460954501704
2015,790378,Rockingham County Schools,Rockingham County High,ENROLL,ALL,All Students (Total or Subtotal,138.0,462.0,51362.0,55.6451612903226,51.106194690265504,51.988460954501704
2015,790379,Rockingham County Schools,Rockingham Co Early College High,ENROLL,ALL,All Students (Total or Subtotal,36.0,462.0,51362.0,63.157894736842096,51.106194690265504,51.988460954501704
2015,800308,Rowan-Salisbury Schools,Henderson High,ENROLL,ALL,All Students (Total or Subtotal,,669.0,51362.0,37.5,48.4431571325127,51.988460954501704
2015,800340,Rowan-Salisbury Schools,East Rowan High,ENROLL,ALL,All Students (Total or Subtotal,131.0,669.0,51362.0,53.6885245901639,48.4431571325127,51.988460954501704
2015,800361,Rowan-Salisbury Schools,Carson High,ENROLL,ALL,All Students (Total or Subtotal,135.0,669.0,51362.0,52.1235521235521,48.4431571325127,51.988460954501704
2015,800376,Rowan-Salisbury Schools,North Rowan High,ENROLL,ALL,All Students (Total or Subtotal,60.0,669.0,51362.0,37.9746835443038,48.4431571325127,51.988460954501704
2015,800394,Rowan-Salisbury Schools,Rowan Co Early College,ENROLL,ALL,All Students (Total or Subtotal,26.0,669.0,51362.0,56.5217391304348,48.4431571325127,51.988460954501704
2015,800396,Rowan-Salisbury Schools,Salisbury High,ENROLL,ALL,All Students (Total or Subtotal,80.0,669.0,51362.0,49.68944099378879,48.4431571325127,51.988460954501704
2015,800400,Rowan-Salisbury Schools,South Rowan High,ENROLL,ALL,All Students (Total or Subtotal,114.0,669.0,51362.0,46.530612244898,48.4431571325127,51.988460954501704
2015,800408,Rowan-Salisbury Schools,West Rowan High,ENROLL,ALL,All Students (Total or Subtotal,120.0,669.0,51362.0,46.15384615384621,48.4431571325127,51.988460954501704
2015,810324,Rutherford County Schools,Chase High School,ENROLL,ALL,All Students (Total or Subtotal,99.0,317.0,51362.0,65.5629139072848,56.4056939501779,51.988460954501704
2015,810340,Rutherford County Schools,East Rutherford High School,ENROLL,ALL,All Students (Total or Subtotal,86.0,317.0,51362.0,63.7037037037037,56.4056939501779,51.988460954501704
2015,810384,Rutherford County Schools,R-S Central High School,ENROLL,ALL,All Students (Total or Subtotal,94.0,317.0,51362.0,54.97076023391811,56.4056939501779,51.988460954501704
2015,810385,Rutherford County Schools,Rutherford Early College High School,ENROLL,ALL,All Students (Total or Subtotal,20.0,317.0,51362.0,55.5555555555556,56.4056939501779,51.988460954501704
2015,810386,Rutherford County Schools,Rutherford Opportunity Center,ENROLL,ALL,All Students (Total or Subtotal,18.0,317.0,51362.0,26.0869565217391,56.4056939501779,51.988460954501704
2015,820324,Sampson County Schools,Sampson Early College High,ENROLL,ALL,All Students (Total or Subtotal,28.0,277.0,51362.0,68.2926829268293,50.639853747714795,51.988460954501704
2015,820348,Sampson County Schools,Hobbton High,ENROLL,ALL,All Students (Total or Subtotal,55.0,277.0,51362.0,48.2456140350877,50.639853747714795,51.988460954501704
2015,820349,Sampson County Schools,Lakewood High,ENROLL,ALL,All Students (Total or Subtotal,55.0,277.0,51362.0,47.008547008547,50.639853747714795,51.988460954501704
2015,820352,Sampson County Schools,Midway High,ENROLL,ALL,All Students (Total or Subtotal,82.0,277.0,51362.0,53.24675324675321,50.639853747714795,51.988460954501704
2015,820388,Sampson County Schools,Union High,ENROLL,ALL,All Students (Total or Subtotal,57.0,277.0,51362.0,47.1074380165289,50.639853747714795,51.988460954501704
2015,821308,Clinton City Schools,Clinton High,ENROLL,ALL,All Students (Total or Subtotal,113.0,113.0,51362.0,64.2045454545455,64.2045454545455,51.988460954501704
2015,830343,Scotland County Schools,Scotland High School,ENROLL,ALL,All Students (Total or Subtotal,177.0,202.0,51362.0,51.008645533141205,51.2690355329949,51.988460954501704
2015,830348,Scotland County Schools,Scotland Early College High,ENROLL,ALL,All Students (Total or Subtotal,25.0,202.0,51362.0,62.5,51.2690355329949,51.988460954501704
2015,840302,Stanly County Schools,Albemarle High,ENROLL,ALL,All Students (Total or Subtotal,44.0,286.0,51362.0,46.8085106382979,52.285191956124294,51.988460954501704
2015,840332,Stanly County Schools,North Stanly High,ENROLL,ALL,All Students (Total or Subtotal,64.0,286.0,51362.0,64.64646464646471,52.285191956124294,51.988460954501704
2015,840356,Stanly County Schools,South Stanly High,ENROLL,ALL,All Students (Total or Subtotal,44.0,286.0,51362.0,48.3516483516484,52.285191956124294,51.988460954501704
2015,840361,Stanly County Schools,Stanly Early College High,ENROLL,ALL,All Students (Total or Subtotal,24.0,286.0,51362.0,58.5365853658537,52.285191956124294,51.988460954501704
2015,840368,Stanly County Schools,West Stanly High,ENROLL,ALL,All Students (Total or Subtotal,107.0,286.0,51362.0,56.315789473684205,52.285191956124294,51.988460954501704
2015,840370,Stanly County Schools,Stanly Academy Learning Center,ENROLL,ALL,All Students (Total or Subtotal,,286.0,51362.0,9.375,52.285191956124294,51.988460954501704
2015,850332,Stokes County Schools,North Stokes High,ENROLL,ALL,All Students (Total or Subtotal,45.0,261.0,51362.0,40.5405405405405,48.3333333333333,51.988460954501704
2015,850352,Stokes County Schools,South Stokes High,ENROLL,ALL,All Students (Total or Subtotal,83.0,261.0,51362.0,50.920245398773005,48.3333333333333,51.988460954501704
2015,850358,Stokes County Schools,West Stokes High,ENROLL,ALL,All Students (Total or Subtotal,118.0,261.0,51362.0,52.678571428571395,48.3333333333333,51.988460954501704
2015,850360,Stokes County Schools,Stokes Early College,ENROLL,ALL,All Students (Total or Subtotal,15.0,261.0,51362.0,51.7241379310345,48.3333333333333,51.988460954501704
2015,860316,Surry County Schools,East Surry High,ENROLL,ALL,All Students (Total or Subtotal,75.0,252.0,51362.0,46.875,43.674176776429796,51.988460954501704
2015,860336,Surry County Schools,North Surry High,ENROLL,ALL,All Students (Total or Subtotal,80.0,252.0,51362.0,42.5531914893617,43.674176776429796,51.988460954501704
2015,860352,Surry County Schools,Surry Central High,ENROLL,ALL,All Students (Total or Subtotal,62.0,252.0,51362.0,36.6863905325444,43.674176776429796,51.988460954501704
2015,860354,Surry County Schools,Surry Early College,ENROLL,ALL,All Students (Total or Subtotal,35.0,252.0,51362.0,58.3333333333333,43.674176776429796,51.988460954501704
2015,861308,Elkin City Schools,Elkin High,ENROLL,ALL,All Students (Total or Subtotal,43.0,43.0,51362.0,52.4390243902439,52.4390243902439,51.988460954501704
2015,862312,Mount Airy City Schools,Mount Airy High,ENROLL,ALL,All Students (Total or Subtotal,74.0,74.0,51362.0,52.112676056337996,52.112676056337996,51.988460954501704
2015,870314,Swain County Schools,Swain County High School,ENROLL,ALL,All Students (Total or Subtotal,62.0,63.0,51362.0,48.818897637795295,48.09160305343511,51.988460954501704
2015,880308,Transylvania County Schools,Brevard High,ENROLL,ALL,All Students (Total or Subtotal,77.0,114.0,51362.0,51.6778523489933,49.1379310344828,51.988460954501704
2015,880320,Transylvania County Schools,Davidson River School,ENROLL,ALL,All Students (Total or Subtotal,,114.0,51362.0,28.571428571428598,49.1379310344828,51.988460954501704
2015,880328,Transylvania County Schools,Rosman High,ENROLL,ALL,All Students (Total or Subtotal,33.0,114.0,51362.0,47.8260869565217,49.1379310344828,51.988460954501704
2015,890304,Tyrrell County Schools,Columbia High,ENROLL,ALL,All Students (Total or Subtotal,20.0,20.0,51362.0,47.619047619047606,47.619047619047606,51.988460954501704
2015,900311,Union County Public Schools,Cuthbertson High,ENROLL,ALL,All Students (Total or Subtotal,206.0,1546.0,51362.0,62.235649546827794,54.68694729395121,51.988460954501704
2015,900316,Union County Public Schools,Forest Hills High,ENROLL,ALL,All Students (Total or Subtotal,59.0,1546.0,51362.0,33.9080459770115,54.68694729395121,51.988460954501704
2015,900336,Union County Public Schools,Monroe High,ENROLL,ALL,All Students (Total or Subtotal,48.0,1546.0,51362.0,31.5789473684211,54.68694729395121,51.988460954501704
2015,900342,Union County Public Schools,Porter Ridge High School,ENROLL,ALL,All Students (Total or Subtotal,194.0,1546.0,51362.0,62.783171521035605,54.68694729395121,51.988460954501704
2015,900344,Union County Public Schools,Parkwood High,ENROLL,ALL,All Students (Total or Subtotal,84.0,1546.0,51362.0,44.4444444444444,54.68694729395121,51.988460954501704
2015,900348,Union County Public Schools,Piedmont High,ENROLL,ALL,All Students (Total or Subtotal,126.0,1546.0,51362.0,54.0772532188841,54.68694729395121,51.988460954501704
2015,900360,Union County Public Schools,Sun Valley High,ENROLL,ALL,All Students (Total or Subtotal,148.0,1546.0,51362.0,59.919028340081,54.68694729395121,51.988460954501704
2015,900365,Union County Public Schools,South Providence,ENROLL,ALL,All Students (Total or Subtotal,40.0,1546.0,51362.0,20.7253886010363,54.68694729395121,51.988460954501704
2015,900366,Union County Public Schools,Central Academy of Technology and Arts,ENROLL,ALL,All Students (Total or Subtotal,128.0,1546.0,51362.0,61.244019138756,54.68694729395121,51.988460954501704
2015,900367,Union County Public Schools,Union County Early College,ENROLL,ALL,All Students (Total or Subtotal,39.0,1546.0,51362.0,54.92957746478871,54.68694729395121,51.988460954501704
2015,900377,Union County Public Schools,Weddington High,ENROLL,ALL,All Students (Total or Subtotal,239.0,1546.0,51362.0,67.7053824362606,54.68694729395121,51.988460954501704
2015,900393,Union County Public Schools,Marvin Ridge High,ENROLL,ALL,All Students (Total or Subtotal,235.0,1546.0,51362.0,64.207650273224,54.68694729395121,51.988460954501704
2015,910364,Vance County Schools,Southern Vance High,ENROLL,ALL,All Students (Total or Subtotal,55.0,154.0,51362.0,33.7423312883436,36.9304556354916,51.988460954501704
2015,910368,Vance County Schools,Western Vance High,ENROLL,ALL,All Students (Total or Subtotal,,154.0,51362.0,5.405405405405411,36.9304556354916,51.988460954501704
2015,910370,Vance County Schools,Northern Vance High,ENROLL,ALL,All Students (Total or Subtotal,78.0,154.0,51362.0,43.3333333333333,36.9304556354916,51.988460954501704
2015,910382,Vance County Schools,Vance Co Early College,ENROLL,ALL,All Students (Total or Subtotal,19.0,154.0,51362.0,51.3513513513513,36.9304556354916,51.988460954501704
2015,920316,Wake County Schools,Apex High,ENROLL,ALL,All Students (Total or Subtotal,423.0,5844.0,51362.0,69.23076923076921,59.5415180845644,51.988460954501704
2015,920318,Wake County Schools,Athens Drive High,ENROLL,ALL,All Students (Total or Subtotal,259.0,5844.0,51362.0,57.8125,59.5415180845644,51.988460954501704
2015,920348,Wake County Schools,Needham Broughton High,ENROLL,ALL,All Students (Total or Subtotal,263.0,5844.0,51362.0,56.076759061833705,59.5415180845644,51.988460954501704
2015,920368,Wake County Schools,Cary High,ENROLL,ALL,All Students (Total or Subtotal,304.0,5844.0,51362.0,59.9605522682446,59.5415180845644,51.988460954501704
2015,920412,Wake County Schools,Enloe High,ENROLL,ALL,All Students (Total or Subtotal,358.0,5844.0,51362.0,57.28,59.5415180845644,51.988460954501704
2015,920428,Wake County Schools,Fuquay-Varina High,ENROLL,ALL,All Students (Total or Subtotal,247.0,5844.0,51362.0,58.2547169811321,59.5415180845644,51.988460954501704
2015,920436,Wake County Schools,Garner High,ENROLL,ALL,All Students (Total or Subtotal,296.0,5844.0,51362.0,54.4117647058823,59.5415180845644,51.988460954501704
2015,920441,Wake County Schools,Green Hope High,ENROLL,ALL,All Students (Total or Subtotal,376.0,5844.0,51362.0,69.88847583643121,59.5415180845644,51.988460954501704
2015,920445,Wake County Schools,Heritage High,ENROLL,ALL,All Students (Total or Subtotal,286.0,5844.0,51362.0,63.9821029082774,59.5415180845644,51.988460954501704
2015,920455,Wake County Schools,Holly Springs High,ENROLL,ALL,All Students (Total or Subtotal,318.0,5844.0,51362.0,60.9195402298851,59.5415180845644,51.988460954501704
2015,920466,Wake County Schools,Knightdale High,ENROLL,ALL,All Students (Total or Subtotal,192.0,5844.0,51362.0,45.2830188679245,59.5415180845644,51.988460954501704
2015,920473,Wake County Schools,Leesville Road High,ENROLL,ALL,All Students (Total or Subtotal,340.0,5844.0,51362.0,68.1362725450902,59.5415180845644,51.988460954501704
2015,920495,Wake County Schools,Middle Creek High,ENROLL,ALL,All Students (Total or Subtotal,281.0,5844.0,51362.0,59.0336134453782,59.5415180845644,51.988460954501704
2015,920500,Wake County Schools,Millbrook High,ENROLL,ALL,All Students (Total or Subtotal,376.0,5844.0,51362.0,59.1194968553459,59.5415180845644,51.988460954501704
2015,920526,Wake County Schools,Panther Creek High,ENROLL,ALL,All Students (Total or Subtotal,383.0,5844.0,51362.0,62.7868852459016,59.5415180845644,51.988460954501704
2015,920528,Wake County Schools,Phillips High,ENROLL,ALL,All Students (Total or Subtotal,10.0,5844.0,51362.0,13.1578947368421,59.5415180845644,51.988460954501704
2015,920552,Wake County Schools,Sanderson High,ENROLL,ALL,All Students (Total or Subtotal,245.0,5844.0,51362.0,56.0640732265446,59.5415180845644,51.988460954501704
2015,920562,Wake County Schools,Southeast Raleigh High,ENROLL,ALL,All Students (Total or Subtotal,169.0,5844.0,51362.0,46.6850828729282,59.5415180845644,51.988460954501704
2015,920581,Wake County Schools,Vernon Malone College and Career Academy,ENROLL,ALL,All Students (Total or Subtotal,,5844.0,51362.0,20.0,59.5415180845644,51.988460954501704
2015,920582,Wake County Schools,Wake STEM Early College High School,ENROLL,ALL,All Students (Total or Subtotal,6.0,5844.0,51362.0,42.8571428571429,59.5415180845644,51.988460954501704
2015,920583,Wake County Schools,Wake Early College of Health and Science,ENROLL,ALL,All Students (Total or Subtotal,47.0,5844.0,51362.0,74.6031746031746,59.5415180845644,51.988460954501704
2015,920588,Wake County Schools,Wake Forest High School,ENROLL,ALL,All Students (Total or Subtotal,318.0,5844.0,51362.0,61.036468330134404,59.5415180845644,51.988460954501704
2015,920595,Wake County Schools,Wakefield High,ENROLL,ALL,All Students (Total or Subtotal,346.0,5844.0,51362.0,62.4548736462094,59.5415180845644,51.988460954501704
2015,930352,Warren County Schools,Warren County High,ENROLL,ALL,All Students (Total or Subtotal,32.0,58.0,51362.0,31.067961165048498,36.4779874213836,51.988460954501704
2015,930360,Warren County Schools,Warren Early College High,ENROLL,ALL,All Students (Total or Subtotal,7.0,58.0,51362.0,41.1764705882353,36.4779874213836,51.988460954501704
2015,930700,Warren County Schools,Warren New Tech High,ENROLL,ALL,All Students (Total or Subtotal,19.0,58.0,51362.0,48.7179487179487,36.4779874213836,51.988460954501704
2015,940308,Washington County Schools,Creswell High,ENROLL,ALL,All Students (Total or Subtotal,10.0,56.0,51362.0,37.037037037037,43.4108527131783,51.988460954501704
2015,940316,Washington County Schools,Plymouth High,ENROLL,ALL,All Students (Total or Subtotal,46.0,56.0,51362.0,45.09803921568629,43.4108527131783,51.988460954501704
2015,950336,Watauga County Schools,Watauga High,ENROLL,ALL,All Students (Total or Subtotal,194.0,194.0,51362.0,55.5873925501433,55.5873925501433,51.988460954501704
2015,960324,Wayne County Public Schools,Charles B Aycock High,ENROLL,ALL,All Students (Total or Subtotal,139.0,644.0,51362.0,52.059925093633005,49.9612102404965,51.988460954501704
2015,960330,Wayne County Public Schools,Eastern Wayne High,ENROLL,ALL,All Students (Total or Subtotal,141.0,644.0,51362.0,52.8089887640449,49.9612102404965,51.988460954501704
2015,960335,Wayne County Public Schools,Goldsboro High,ENROLL,ALL,All Students (Total or Subtotal,45.0,644.0,51362.0,39.473684210526294,49.9612102404965,51.988460954501704
2015,960372,Wayne County Public Schools,Rosewood High,ENROLL,ALL,All Students (Total or Subtotal,70.0,644.0,51362.0,53.84615384615379,49.9612102404965,51.988460954501704
2015,960380,Wayne County Public Schools,Southern Wayne High,ENROLL,ALL,All Students (Total or Subtotal,99.0,644.0,51362.0,42.4892703862661,49.9612102404965,51.988460954501704
2015,960386,Wayne County Public Schools,Spring Creek High,ENROLL,ALL,All Students (Total or Subtotal,59.0,644.0,51362.0,45.7364341085271,49.9612102404965,51.988460954501704
2015,960490,Wayne County Public Schools,Wayne Early / Middle College High,ENROLL,ALL,All Students (Total or Subtotal,40.0,644.0,51362.0,58.82352941176471,49.9612102404965,51.988460954501704
2015,960700,Wayne County Public Schools,Wayne School of Engineering,ENROLL,ALL,All Students (Total or Subtotal,51.0,644.0,51362.0,62.962962962963,49.9612102404965,51.988460954501704
2015,970320,Wilkes County Schools,East Wilkes High,ENROLL,ALL,All Students (Total or Subtotal,70.0,394.0,51362.0,53.84615384615379,56.6091954022989,51.988460954501704
2015,970356,Wilkes County Schools,North Wilkes High,ENROLL,ALL,All Students (Total or Subtotal,88.0,394.0,51362.0,56.0509554140127,56.6091954022989,51.988460954501704
2015,970388,Wilkes County Schools,West Wilkes High,ENROLL,ALL,All Students (Total or Subtotal,92.0,394.0,51362.0,58.974358974359,56.6091954022989,51.988460954501704
2015,970390,Wilkes County Schools,Wilkes Central High,ENROLL,ALL,All Students (Total or Subtotal,118.0,394.0,51362.0,59.0,56.6091954022989,51.988460954501704
2015,970393,Wilkes County Schools,Wilkes Early College High,ENROLL,ALL,All Students (Total or Subtotal,26.0,394.0,51362.0,49.0566037735849,56.6091954022989,51.988460954501704
2015,980318,Wilson County Schools,Beddingfield High,ENROLL,ALL,All Students (Total or Subtotal,75.0,426.0,51362.0,42.613636363636395,54.896907216494895,51.988460954501704
2015,980336,Wilson County Schools,Fike High,ENROLL,ALL,All Students (Total or Subtotal,146.0,426.0,51362.0,56.15384615384621,54.896907216494895,51.988460954501704
2015,980342,Wilson County Schools,James Hunt High,ENROLL,ALL,All Students (Total or Subtotal,177.0,426.0,51362.0,58.4158415841584,54.896907216494895,51.988460954501704
2015,980398,Wilson County Schools,Wilson Early College Academy,ENROLL,ALL,All Students (Total or Subtotal,28.0,426.0,51362.0,75.6756756756757,54.896907216494895,51.988460954501704
2015,990322,Yadkin County Schools,Forbush High,ENROLL,ALL,All Students (Total or Subtotal,94.0,183.0,51362.0,45.4106280193237,46.212121212121204,51.988460954501704
2015,990326,Yadkin County Schools,Starmount High,ENROLL,ALL,All Students (Total or Subtotal,69.0,183.0,51362.0,46.6216216216216,46.212121212121204,51.988460954501704
2015,990332,Yadkin County Schools,Yadkin Early College,ENROLL,ALL,All Students (Total or Subtotal,20.0,183.0,51362.0,48.780487804878,46.212121212121204,51.988460954501704
2015,995330,Yancey County Schools,Mountain Heritage High,ENROLL,ALL,All Students (Total or Subtotal,76.0,76.0,51362.0,47.7987421383648,47.7987421383648,51.988460954501704
